Year,Type,Country,Sex ,Age,Fatal (Y/N)
2017.0,UNPROVOKED,AUSTRALIA,M,,N
2017.0,UNPROVOKED,USA,M,,N
2017.0,UNPROVOKED,UNITEDKINGDOM,M,,N
2017.0,UNPROVOKED,BAHAMAS,F,,N
2017.0,PROVOKED,USA,F,,N
2017.0,UNPROVOKED,UNITEDARABEMIRATES,M,,N
2017.0,PROVOKED,AUSTRALIA,M,,N
2017.0,UNPROVOKED,MEXICO,M,,Y
2017.0,INVALID,USA,F,,N
2017.0,UNPROVOKED,SOUTHAFRICA,M,,N
2017.0,UNPROVOKED,USA,F,,N
2017.0,UNPROVOKED,REUNION,M,,Y
2017.0,UNPROVOKED,NEWZEALAND,F,S,N
2017.0,UNPROVOKED,STHELENABRITISHOVERSEASTERRITORY,F,,N
2017.0,UNPROVOKED,AUSTRALIA,F,,Y
2017.0,UNPROVOKED,USA,M,,N
2017.0,UNPROVOKED,USA,M,,N
2017.0,UNPROVOKED,USA,F,,N
2017.0,UNPROVOKED,USA,F,,N
2017.0,UNPROVOKED,USA,F,,N
2017.0,UNPROVOKED,USA,M,,N
2017.0,UNPROVOKED,USA,F,,N
2017.0,UNPROVOKED,AUSTRALIA,M,,N
2017.0,UNPROVOKED,USA,F,,N
2017.0,UNPROVOKED,USA,M,,N
2017.0,UNPROVOKED,AUSTRALIA,M,,N
2017.0,UNPROVOKED,BAHAMAS,M,,N
2017.0,UNPROVOKED,REUNION,M,,Y
2017.0,UNPROVOKED,AUSTRALIA,M,,N
2017.0,UNPROVOKED,USA,M,,N
2017.0,UNPROVOKED,BAHAMAS,M,,N
2017.0,UNPROVOKED,USA,M,TEEN,N
2017.0,UNPROVOKED,AUSTRALIA,M,,N
2017.0,UNPROVOKED,AUSTRALIA,M,,N
2017.0,UNPROVOKED,INDONESIA,M,,N
2017.0,UNPROVOKED,USA,M,,N
2017.0,INVALID,AUSTRALIA,M,,N
2016.0,UNPROVOKED,USA,M,,N
2016.0,UNPROVOKED,SOUTHAFRICA,M,,N
2016.0,UNPROVOKED,AUSTRALIA,M,,N
2016.0,INVALID,USA,M,,N
2016.0,UNPROVOKED,ENGLAND,M,,N
2016.0,PROVOKED,AUSTRALIA,M,,N
2016.0,UNPROVOKED,AUSTRALIA,M,,N
2016.0,PROVOKED,AUSTRALIA,M,,N
2016.0,UNPROVOKED,USA,F,,N
2016.0,UNPROVOKED,USA,M,,N
2016.0,UNPROVOKED,USA,M,,N
2016.0,UNPROVOKED,AUSTRALIA,M,,N
2016.0,UNPROVOKED,USA,M,,N
2016.0,UNPROVOKED,USA,F,,N
2016.0,UNPROVOKED,AUSTRALIA,M,,N
2016.0,UNPROVOKED,USA,M,,N
2016.0,UNPROVOKED,USA,M,,N
2016.0,UNPROVOKED,USA,M,,N
2016.0,UNPROVOKED,AUSTRALIA,M,,N
2016.0,UNPROVOKED,USA,M,,N
2016.0,UNPROVOKED,USA,M,,N
2016.0,UNPROVOKED,USA,M,,N
2016.0,UNPROVOKED,USA,M,,N
2016.0,UNPROVOKED,USA,M,S,N
2016.0,UNPROVOKED,USA,F,,N
2016.0,UNPROVOKED,NEWCALEDONIA,M,,Y
2016.0,UNPROVOKED,USA,F,,N
2016.0,UNPROVOKED,USA,M,,N
2016.0,UNPROVOKED,USA,M,,N
2016.0,UNPROVOKED,USA,M,,N
2016.0,UNPROVOKED,USA,M,,N
2016.0,UNPROVOKED,REUNION,M,,N
2016.0,UNPROVOKED,USA,M,,N
2016.0,UNPROVOKED,BAHAMAS,M,,N
2016.0,UNPROVOKED,USA,M,,N
2016.0,UNPROVOKED,USA,M,,N
2016.0,UNPROVOKED,SPAIN,M,,N
2016.0,UNPROVOKED,CHINA,M,,N
2016.0,PROVOKED,USA,M,,N
2016.0,UNPROVOKED,AUSTRALIA,M,,N
2016.0,UNPROVOKED,JAPAN,M,,N
2016.0,UNPROVOKED,AUSTRALIA,M,,N
2016.0,PROVOKED,AUSTRALIA,M,,N
2016.0,UNPROVOKED,USA,F,,N
2016.0,UNPROVOKED,USA,F,,N
2016.0,UNPROVOKED,USA,M,,N
2016.0,UNPROVOKED,SPAIN,F,,N
2016.0,PROVOKED,USA,M,,N
2016.0,UNPROVOKED,USA,F,,N
2016.0,PROVOKED,AUSTRALIA,M,,N
2016.0,UNPROVOKED,USA,M,,N
2016.0,UNPROVOKED,USA,M,,N
2016.0,UNPROVOKED,COLUMBIA,M,,N
2016.0,UNPROVOKED,SOUTHAFRICA,M,,N
2016.0,UNPROVOKED,USA,M,,N
2016.0,PROVOKED,AUSTRALIA,M,,N
2016.0,UNPROVOKED,USA,F,,N
2016.0,UNPROVOKED,USA,M,,N
2016.0,INVALID,USA,M,,N
2016.0,UNPROVOKED,USA,M,,N
2016.0,UNPROVOKED,AUSTRALIA,F,,Y
2016.0,UNPROVOKED,EGYPT,M,,N
2016.0,UNPROVOKED,AUSTRALIA,M,,Y
2016.0,UNPROVOKED,USA,F,,N
2016.0,UNPROVOKED,USA,M,,N
2016.0,UNPROVOKED,USA,F,,N
2016.0,UNPROVOKED,USA,F,,N
2016.0,UNPROVOKED,USA,F,,N
2016.0,UNPROVOKED,USA,M,,N
2016.0,PROVOKED,USA,F,,N
2016.0,UNPROVOKED,USA,M,,N
2016.0,PROVOKED,NEWZEALAND,M,,N
2016.0,UNPROVOKED,INDONESIA,M,,N
2016.0,UNPROVOKED,USA,M,,N
2016.0,UNPROVOKED,AUSTRALIA,M,,N
2016.0,PROVOKED,FRENCHPOLYNESIA,M,,N
2016.0,UNPROVOKED,USA,M,,N
2016.0,UNPROVOKED,NEWCALEDONIA,F,,Y
2016.0,INVALID,CAPEVERDE,M,,N
2016.0,UNPROVOKED,USA,M,,N
2016.0,UNPROVOKED,USA,F,,N
2016.0,UNPROVOKED,AUSTRALIA,M,,N
2016.0,UNPROVOKED,USA,M,TEEN,N
2016.0,UNPROVOKED,AUSTRALIA,M,,N
2016.0,PROVOKED,BAHAMAS,M,,N
2016.0,UNPROVOKED,USA,M,,N
2016.0,UNPROVOKED,FIJI,M,,Y
2016.0,UNPROVOKED,USA,M,,N
2016.0,UNPROVOKED,BRAZIL,M,,N
2016.0,UNPROVOKED,NEWCALEDONIA,M,,N
2016.0,UNPROVOKED,NEWCALEDONIA,M,,N
2016.0,INVALID,CAYMANISLANDS,M,,N
2016.0,UNPROVOKED,AUSTRALIA,F,,N
2016.0,UNPROVOKED,AUSTRALIA,M,,N
2016.0,UNPROVOKED,USA,F,,N
2016.0,UNPROVOKED,USA,M,,N
2016.0,UNPROVOKED,AUSTRALIA,M,,N
2016.0,UNPROVOKED,AUSTRALIA,M,,N
2015.0,UNPROVOKED,SPAIN,F,,N
2015.0,UNPROVOKED,USA,M,,N
2015.0,UNPROVOKED,AUSTRALIA,M,,N
2015.0,UNPROVOKED,BRAZIL,M,,N
2015.0,UNPROVOKED,ARUBA,M,,Y
2015.0,UNPROVOKED,BAHAMAS,M,,N
2015.0,UNPROVOKED,SOUTHAFRICA,F,,N
2015.0,UNPROVOKED,ECUADOR,M,,N
2015.0,UNPROVOKED,USA,M,,N
2015.0,UNPROVOKED,AUSTRALIA,M,,N
2015.0,INVALID,USA,F,,N
2015.0,UNPROVOKED,USA,M,,N
2015.0,UNPROVOKED,USA,F,,N
2015.0,UNPROVOKED,MOZAMBIQUE,M,,N
2015.0,UNPROVOKED,AUSTRALIA,M,,N
2015.0,UNPROVOKED,USA,M,,N
2015.0,UNPROVOKED,SOUTHAFRICA,M,,N
2015.0,UNPROVOKED,USA,M,,N
2015.0,UNPROVOKED,USA,M,,N
2015.0,UNPROVOKED,MOZAMBIQUE,F,,Y
2015.0,INVALID,USA,M,,N
2015.0,UNPROVOKED,USA,M,,N
2015.0,UNPROVOKED,USA,F,,N
2015.0,UNPROVOKED,USA,M,,N
2015.0,UNPROVOKED,AUSTRALIA,M,,N
2015.0,UNPROVOKED,USA,M,,N
2015.0,UNPROVOKED,USA,M,,N
2015.0,UNPROVOKED,USA,M,,N
2015.0,UNPROVOKED,USA,M,,N
2015.0,UNPROVOKED,AUSTRALIA,F,,N
2015.0,UNPROVOKED,USA,M,,N
2015.0,UNPROVOKED,USA,M,,N
2015.0,UNPROVOKED,USA,M,,N
2015.0,UNPROVOKED,USA,M,,N
2015.0,UNPROVOKED,USA,M,,N
2015.0,UNPROVOKED,AUSTRALIA,M,,N
2015.0,UNPROVOKED,USA,F,,N
2015.0,PROVOKED,USA,M,,N
2015.0,UNPROVOKED,AUSTRALIA,M,,N
2015.0,UNPROVOKED,THAILAND,F,,N
2015.0,UNPROVOKED,USA,F,,N
2015.0,UNPROVOKED,USA,M,,N
2015.0,UNPROVOKED,AUSTRALIA,M,,N
2015.0,UNPROVOKED,USA,M,,N
2015.0,UNPROVOKED,USA,F,,N
2015.0,UNPROVOKED,USA,M,,N
2015.0,INVALID,SPAIN,M,,N
2015.0,PROVOKED,USA,M,,N
2015.0,UNPROVOKED,AUSTRALIA,M,,N
2015.0,UNPROVOKED,USA,M,,N
2015.0,INVALID,USA,F,,N
2015.0,UNPROVOKED,AUSTRALIA,M,,Y
2015.0,PROVOKED,USA,M,,N
2015.0,UNPROVOKED,AUSTRALIA,M,,N
2015.0,UNPROVOKED,REUNION,M,,N
2015.0,UNPROVOKED,SOUTHAFRICA,M,,N
2015.0,UNPROVOKED,USA,M,,N
2015.0,INVALID,USA,M,,N
2015.0,UNPROVOKED,BAHAMAS,F,,N
2015.0,UNPROVOKED,USA,M,,N
2015.0,UNPROVOKED,AUSTRALIA,M,,N
2015.0,UNPROVOKED,AUSTRALIA,M,,N
2015.0,UNPROVOKED,USA,M,,N
2015.0,UNPROVOKED,USA,M,,N
2015.0,UNPROVOKED,USA,M,,N
2015.0,UNPROVOKED,SOUTHAFRICA,M,,N
2015.0,UNPROVOKED,SOUTHAFRICA,M,,N
2015.0,UNPROVOKED,USA,M,,N
2015.0,PROVOKED,AUSTRALIA,M,,N
2015.0,UNPROVOKED,USA,M,,N
2015.0,UNPROVOKED,USA,M,,N
2015.0,INVALID,AUSTRALIA,F,,N
2015.0,UNPROVOKED,USA,M,,N
2015.0,UNPROVOKED,PUERTORICO,M,,N
2015.0,UNPROVOKED,USA,M,,N
2015.0,UNPROVOKED,USA,M,,N
2015.0,UNPROVOKED,USA,F,,N
2015.0,UNPROVOKED,USA,F,,N
2015.0,UNPROVOKED,USA,M,,N
2015.0,UNPROVOKED,USA,F,,N
2015.0,UNPROVOKED,REUNION,M,,N
2015.0,UNPROVOKED,USA,F,,N
2015.0,UNPROVOKED,USA,F,,N
2015.0,UNPROVOKED,FRENCHPOLYNESIA,M,,N
2015.0,UNPROVOKED,USA,F,,N
2015.0,UNPROVOKED,USA,M,,N
2015.0,UNPROVOKED,USA,M,,N
2015.0,UNPROVOKED,NEWCALEDONIA,M,,Y
2015.0,UNPROVOKED,SOUTHAFRICA,M,,N
2015.0,UNPROVOKED,USA,F,,Y
2015.0,UNPROVOKED,USA,M,,N
2015.0,UNPROVOKED,AUSTRALIA,M,,N
2015.0,UNPROVOKED,AUSTRALIA,M,,N
2015.0,UNPROVOKED,USA,M,,N
2015.0,UNPROVOKED,REUNION,M,,Y
2015.0,UNPROVOKED,USA,M,,N
2015.0,INVALID,ITALY,M,,Y
2015.0,INVALID,BRAZIL,M,,N
2015.0,BOAT,SOUTHAFRICA,M,,N
2015.0,UNPROVOKED,EGYPT,M,,Y
2015.0,UNPROVOKED,USA,M,,N
2015.0,UNPROVOKED,FRENCHPOLYNESIA,M,,N
2015.0,PROVOKED,MEXICO,M,,N
2015.0,UNPROVOKED,FRENCHPOLYNESIA,M,MONTHS,N
2015.0,UNPROVOKED,REUNION,F,,Y
2015.0,UNPROVOKED,AUSTRALIA,M,,Y
2015.0,UNPROVOKED,AUSTRALIA,M,,N
2015.0,BOAT,AUSTRALIA,M,,N
2015.0,PROVOKED,USA,M,,N
2015.0,UNPROVOKED,SOUTHAFRICA,M,,N
2015.0,UNPROVOKED,AUSTRALIA,M,,N
2015.0,INVALID,USA,M,,N
2015.0,UNPROVOKED,BAHAMAS,F,,N
2015.0,UNPROVOKED,SOUTHAFRICA,M,,N
2015.0,UNPROVOKED,USA,M,,N
2014.0,UNPROVOKED,AUSTRALIA,M,,Y
2014.0,UNPROVOKED,USA,M,,N
2014.0,PROVOKED,AUSTRALIA,M,S,N
2014.0,UNPROVOKED,AUSTRALIA,M,,Y
2014.0,UNPROVOKED,AUSTRALIA,M,,N
2014.0,PROVOKED,MAURITIUS,M,,Y
2014.0,UNPROVOKED,USA,M,,N
2014.0,UNPROVOKED,USA,M,,N
2014.0,UNPROVOKED,USA,M,,N
2014.0,UNPROVOKED,USA,F,,N
2014.0,PROVOKED,AUSTRALIA,M,,N
2014.0,UNPROVOKED,AUSTRALIA,F,,N
2014.0,UNPROVOKED,USA,F,,N
2014.0,UNPROVOKED,USA,M,,N
2014.0,UNPROVOKED,USA,F,,N
2014.0,UNPROVOKED,USA,M,,N
2014.0,UNPROVOKED,USA,M,,N
2014.0,UNPROVOKED,AUSTRALIA,M,,N
2014.0,UNPROVOKED,FRENCHPOLYNESIA,F,,N
2014.0,UNPROVOKED,AUSTRALIA,M,,Y
2014.0,UNPROVOKED,USA,M,,N
2014.0,UNPROVOKED,USA,F,S,N
2014.0,PROVOKED,USA,M,,N
2014.0,UNPROVOKED,SPAIN,M,,N
2014.0,UNPROVOKED,USA,F,,N
2014.0,UNPROVOKED,USA,M,,N
2014.0,PROVOKED,USA,M,,N
2014.0,UNPROVOKED,SPAIN,F,S,N
2014.0,UNPROVOKED,USA,M,,N
2014.0,UNPROVOKED,AUSTRALIA,M,,N
2014.0,UNPROVOKED,USA,M,,N
2014.0,UNPROVOKED,USA,F,,N
2014.0,UNPROVOKED,USA,M,,N
2014.0,UNPROVOKED,USA,M,,N
2014.0,UNPROVOKED,USA,F,,N
2014.0,UNPROVOKED,USA,M,S,N
2014.0,UNPROVOKED,USA,M,,N
2014.0,UNPROVOKED,SOUTHAFRICA,M,,N
2014.0,UNPROVOKED,USA,M,TEEN,N
2014.0,UNPROVOKED,REUNION,M,,N
2014.0,UNPROVOKED,USA,M,,N
2014.0,UNPROVOKED,USA,M,,N
2014.0,UNPROVOKED,USA,M,,N
2014.0,INVALID,BAHAMAS,M,,Y
2014.0,UNPROVOKED,USA,M,,N
2014.0,UNPROVOKED,USA,M,,N
2014.0,BOAT,STMARTIN,M,,N
2014.0,UNPROVOKED,BAHAMAS,M,,N
2014.0,UNPROVOKED,AUSTRALIA,M,,N
2014.0,UNPROVOKED,BRAZIL,M,,N
2014.0,UNPROVOKED,USA,M,,N
2014.0,UNPROVOKED,AUSTRALIA,M,,N
2014.0,UNPROVOKED,JAPAN,M,,N
2014.0,UNPROVOKED,USA,F,,N
2014.0,UNPROVOKED,USA,F,,N
2014.0,UNPROVOKED,USA,F,,N
2014.0,UNPROVOKED,AUSTRALIA,F,,N
2014.0,PROVOKED,AUSTRALIA,M,,N
2014.0,UNPROVOKED,USA,F,,N
2014.0,UNPROVOKED,AUSTRALIA,M,,N
2014.0,UNPROVOKED,USA,F,,N
2014.0,UNPROVOKED,USA,M,,N
2014.0,UNPROVOKED,USA,F,,N
2014.0,UNPROVOKED,USA,M,,N
2014.0,UNPROVOKED,USA,M,,N
2014.0,UNPROVOKED,USA,M,,N
2014.0,UNPROVOKED,USA,M,TEEN,N
2014.0,UNPROVOKED,USA,M,TEEN,N
2014.0,UNPROVOKED,AUSTRALIA,F,,Y
2014.0,INVALID,AUSTRALIA,M,,Y
2014.0,UNPROVOKED,SOUTHAFRICA,M,,Y
2014.0,UNPROVOKED,USA,M,,N
2014.0,UNPROVOKED,NEWCALEDONIA,M,,N
2014.0,UNPROVOKED,AUSTRALIA,M,,N
2014.0,INVALID,AUSTRALIA,F,,N
2014.0,UNPROVOKED,USA,M,,N
2014.0,UNPROVOKED,FRENCHPOLYNESIA,M,,N
2014.0,BOAT,PAPUANEWGUINEA,M,,N
2014.0,UNPROVOKED,AUSTRALIA,M,,Y
2014.0,UNPROVOKED,NEWZEALAND,M,,N
2014.0,UNPROVOKED,NEWZEALAND,M,,N
2014.0,SEADISASTER,JAPAN,M,,N
2013.0,UNPROVOKED,NEWCALEDONIA,M,,N
2013.0,UNPROVOKED,SOUTHAFRICA,M,,N
2013.0,UNPROVOKED,KIRIBATI,M,,N
2013.0,UNPROVOKED,USA,M,,N
2013.0,UNPROVOKED,USA,M,,N
2013.0,UNPROVOKED,AUSTRALIA,M,,N
2013.0,UNPROVOKED,USA,M,,Y
2013.0,UNPROVOKED,AUSTRALIA,M,,Y
2013.0,UNPROVOKED,USA,F,,N
2013.0,UNPROVOKED,AUSTRALIA,M,,Y
2013.0,UNPROVOKED,USA,M,,N
2013.0,PROVOKED,BAHAMAS,M,,N
2013.0,UNPROVOKED,USA,M,,N
2013.0,UNPROVOKED,USA,M,,N
2013.0,UNPROVOKED,AUSTRALIA,F,,N
2013.0,UNPROVOKED,REUNION,M,,N
2013.0,UNPROVOKED,AUSTRALIA,M,,N
2013.0,UNPROVOKED,USA,M,,N
2013.0,UNPROVOKED,USA,M,,N
2013.0,UNPROVOKED,USA,M,,N
2013.0,UNPROVOKED,SOUTHAFRICA,M,,Y
2013.0,UNPROVOKED,AUSTRALIA,M,,N
2013.0,UNPROVOKED,USA,M,,N
2013.0,UNPROVOKED,USA,M,,N
2013.0,UNPROVOKED,USA,M,,N
2013.0,PROVOKED,ISRAEL,M,,N
2013.0,UNPROVOKED,USA,M,,N
2013.0,UNPROVOKED,USA,M,,N
2013.0,UNPROVOKED,USA,M,,N
2013.0,UNPROVOKED,USA,F,,N
2013.0,PROVOKED,USA,M,,N
2013.0,UNPROVOKED,USA,M,,N
2013.0,UNPROVOKED,USA,M,,N
2013.0,PROVOKED,USA,M,,N
2013.0,UNPROVOKED,USA,M,,N
2013.0,INVALID,USA,F,,N
2013.0,PROVOKED,FRANCE,M,,N
2013.0,UNPROVOKED,USA,F,,N
2013.0,UNPROVOKED,USA,M,,N
2013.0,UNPROVOKED,USA,F,,Y
2013.0,UNPROVOKED,USA,F,,N
2013.0,UNPROVOKED,USA,M,,N
2013.0,UNPROVOKED,USA,M,,N
2013.0,UNPROVOKED,USA,F,,N
2013.0,UNPROVOKED,USA,M,,N
2013.0,UNPROVOKED,BAHAMAS,M,,N
2013.0,UNPROVOKED,USA,M,,N
2013.0,UNPROVOKED,BAHAMAS,M,,N
2013.0,UNPROVOKED,BAHAMAS,M,,N
2013.0,UNPROVOKED,BRAZIL,F,,Y
2013.0,UNPROVOKED,USA,F,,N
2013.0,UNPROVOKED,USA,M,TEEN,N
2013.0,UNPROVOKED,REUNION,F,,Y
2013.0,UNPROVOKED,DIEGOGARCIA,M,,Y
2013.0,UNPROVOKED,USA,F,,N
2013.0,INVALID,SPAIN,M,,N
2013.0,UNPROVOKED,AUSTRALIA,M,,N
2013.0,INVALID,JAMAICA,M,,Y
2013.0,UNPROVOKED,USA,M,,N
2013.0,UNPROVOKED,USA,M,,N
2013.0,UNPROVOKED,USA,M,,N
2013.0,UNPROVOKED,USA,F,,N
2013.0,PROVOKED,USA,M,,N
2013.0,UNPROVOKED,USA,M,,N
2013.0,UNPROVOKED,USA,M,,N
2013.0,UNPROVOKED,BRAZIL,M,,Y
2013.0,PROVOKED,PALESTINIANTERRITORIES,M,,N
2013.0,UNPROVOKED,ECUADOR,M,,N
2013.0,INVALID,USA,M,,Y
2013.0,UNPROVOKED,REUNION,M,,Y
2013.0,UNPROVOKED,USA,M,,N
2013.0,UNPROVOKED,MEXICO,F,,N
2013.0,UNPROVOKED,AUSTRALIA,M,,N
2013.0,UNPROVOKED,USA,M,,N
2013.0,UNPROVOKED,USA,M,,N
2013.0,UNPROVOKED,GUAM,M,,Y
2013.0,UNPROVOKED,FRENCHPOLYNESIA,M,,N
2013.0,UNPROVOKED,USA,M,,N
2013.0,INVALID,AUSTRALIA,M,,Y
2013.0,UNPROVOKED,USA,M,,N
2013.0,INVALID,AUSTRALIA,M,,N
2013.0,UNPROVOKED,SEYCHELLES,M,,N
2013.0,UNPROVOKED,BAHAMAS,M,,N
2013.0,PROVOKED,SOUTHAFRICA,M,,N
2013.0,UNPROVOKED,JAMAICA,M,,Y
2013.0,UNPROVOKED,AUSTRALIA,M,,N
2013.0,UNPROVOKED,PHILIPPINES,M,,N
2013.0,UNPROVOKED,SOUTHAFRICA,M,,N
2013.0,UNPROVOKED,NEWZEALAND,M,,Y
2013.0,UNPROVOKED,USA,M,,N
2013.0,UNPROVOKED,FRENCHPOLYNESIA,M,,N
2013.0,UNPROVOKED,JAMAICA,M,,N
2013.0,INVALID,AUSTRALIA,M,,N
2013.0,UNPROVOKED,USA,M,,N
2013.0,UNPROVOKED,AUSTRALIA,M,,N
2012.0,UNPROVOKED,AUSTRALIA,M,,N
2012.0,UNPROVOKED,AUSTRALIA,M,,N
2012.0,UNPROVOKED,SOUTHAFRICA,M,,Y
2012.0,UNPROVOKED,AUSTRALIA,M,,N
2012.0,UNPROVOKED,USA,M,,N
2012.0,UNPROVOKED,AUSTRALIA,M,,N
2012.0,UNPROVOKED,NEWZEALAND,F,,N
2012.0,UNPROVOKED,USA,M,,N
2012.0,INVALID,AUSTRALIA,M,,N
2012.0,UNPROVOKED,MEXICO,M,,Y
2012.0,UNPROVOKED,USA,M,,N
2012.0,UNPROVOKED,USA,M,,N
2012.0,UNPROVOKED,USA,M,,N
2012.0,UNPROVOKED,USA,M,,N
2012.0,UNPROVOKED,USA,F,,N
2012.0,UNPROVOKED,USA,M,,Y
2012.0,UNPROVOKED,USA,F,,N
2012.0,UNPROVOKED,USA,M,,N
2012.0,UNPROVOKED,USA,M,,N
2012.0,UNPROVOKED,NIGERIA,F,,N
2012.0,UNPROVOKED,USA,M,,N
2012.0,UNPROVOKED,AUSTRALIA,M,,N
2012.0,UNPROVOKED,USA,M,,N
2012.0,UNPROVOKED,USA,M,,N
2012.0,UNPROVOKED,USA,M,,N
2012.0,UNPROVOKED,TONGA,F,,N
2012.0,UNPROVOKED,USA,M,,N
2012.0,UNPROVOKED,USA,M,S,N
2012.0,UNPROVOKED,USA,M,,N
2012.0,UNPROVOKED,USA,M,,N
2012.0,UNPROVOKED,USA,F,,N
2012.0,UNPROVOKED,USA,F,,N
2012.0,PROVOKED,SCOTLAND,M,,N
2012.0,UNPROVOKED,AUSTRALIA,M,,N
2012.0,UNPROVOKED,BRAZIL,M,,Y
2012.0,UNPROVOKED,USA,M,,N
2012.0,UNPROVOKED,USA,M,,N
2012.0,UNPROVOKED,REUNION,M,,N
2012.0,UNPROVOKED,USA,M,,N
2012.0,UNPROVOKED,AUSTRALIA,M,,N
2012.0,UNPROVOKED,USA,M,,N
2012.0,UNPROVOKED,USA,M,,N
2012.0,INVALID,USA,M,,N
2012.0,UNPROVOKED,REUNION,M,,Y
2012.0,INVALID,TRINIDADTOBAGO,M,,Y
2012.0,INVALID,CANADA,F,,N
2012.0,UNPROVOKED,AUSTRALIA,M,,Y
2012.0,UNPROVOKED,USA,F,,N
2012.0,INVALID,AUSTRALIA,F,,Y
2012.0,UNPROVOKED,USA,M,,N
2012.0,UNPROVOKED,SOUTHAFRICA,M,,N
2012.0,UNPROVOKED,USA,M,,N
2012.0,UNPROVOKED,USA,M,,N
2012.0,UNPROVOKED,USA,F,,N
2012.0,UNPROVOKED,USA,M,,N
2012.0,UNPROVOKED,AUSTRALIA,M,,N
2012.0,INVALID,USA,M,,N
2012.0,UNPROVOKED,USA,F,,N
2012.0,PROVOKED,USA,M,,N
2012.0,UNPROVOKED,USA,F,,N
2012.0,UNPROVOKED,USA,M,,N
2012.0,UNPROVOKED,AUSTRALIA,M,,N
2012.0,PROVOKED,ITALY,M,,
2012.0,UNPROVOKED,AUSTRALIA,M,,N
2012.0,UNPROVOKED,USA,F,,N
2012.0,UNPROVOKED,USA,M,,N
2012.0,UNPROVOKED,USA,F,,N
2012.0,UNPROVOKED,MEXICO,M,,N
2012.0,UNPROVOKED,USA,M,,N
2012.0,UNPROVOKED,FIJI,M,,N
2012.0,UNPROVOKED,USA,M,,N
2012.0,UNPROVOKED,USA,F,,N
2012.0,UNPROVOKED,USA,F,,N
2012.0,UNPROVOKED,USA,M,,N
2012.0,UNPROVOKED,SOUTHAFRICA,M,,Y
2012.0,UNPROVOKED,AUSTRALIA,M,,N
2012.0,UNPROVOKED,USA,M,,N
2012.0,UNPROVOKED,AUSTRALIA,M,,Y
2012.0,UNPROVOKED,USA,M,,N
2012.0,UNPROVOKED,AUSTRALIA,M,,N
2012.0,UNPROVOKED,USA,M,,N
2012.0,UNPROVOKED,USA,F,,N
2012.0,UNPROVOKED,USA,M,,N
2012.0,PROVOKED,AUSTRALIA,F,,N
2012.0,UNPROVOKED,REUNION,M,,N
2012.0,UNPROVOKED,USA,M,,N
2012.0,INVALID,SAUDIARABIA,M,,N
2012.0,UNPROVOKED,AUSTRALIA,M,,N
2012.0,UNPROVOKED,AUSTRALIA,M,,N
2012.0,PROVOKED,TAIWAN,M,,N
2012.0,UNPROVOKED,AUSTRALIA,M,,N
2012.0,UNPROVOKED,SOUTHAFRICA,M,,Y
2012.0,UNPROVOKED,USA,M,,N
2012.0,UNPROVOKED,AUSTRALIA,M,,N
2012.0,UNPROVOKED,AUSTRALIA,M,,N
2011.0,UNPROVOKED,ECUADOR,M,,N
2011.0,UNPROVOKED,USA,M,,N
2011.0,UNPROVOKED,SOUTHAFRICA,M,,N
2011.0,UNPROVOKED,AUSTRALIA,M,,N
2011.0,UNPROVOKED,AUSTRALIA,M,,N
2011.0,UNPROVOKED,AUSTRALIA,M,,N
2011.0,UNPROVOKED,INDONESIA,M,,N
2011.0,UNPROVOKED,AUSTRALIA,M,,N
2011.0,UNPROVOKED,BRAZIL,M,,N
2011.0,UNPROVOKED,REUNION,M,,N
2011.0,UNPROVOKED,USA,M,,N
2011.0,UNPROVOKED,SCOTLAND,M,,N
2011.0,UNPROVOKED,AUSTRALIA,M,,Y
2011.0,UNPROVOKED,USA,M,,N
2011.0,UNPROVOKED,AUSTRALIA,M,,N
2011.0,UNPROVOKED,AUSTRALIA,M,,Y
2011.0,BOAT,REUNION,M,,N
2011.0,UNPROVOKED,USA,M,,N
2011.0,INVALID,USA,M,,N
2011.0,PROVOKED,DOMINICANREPUBLIC,M,,N
2011.0,UNPROVOKED,SOUTHAFRICA,M,,N
2011.0,UNPROVOKED,USA,M,,N
2011.0,UNPROVOKED,USA,M,,N
2011.0,UNPROVOKED,REUNION,M,,Y
2011.0,UNPROVOKED,KENYA,M,,Y
2011.0,UNPROVOKED,USA,M,,N
2011.0,UNPROVOKED,USA,M,,N
2011.0,UNPROVOKED,PAPUANEWGUINEA,M,,N
2011.0,UNPROVOKED,AUSTRALIA,M,,Y
2011.0,UNPROVOKED,USA,M,,N
2011.0,UNPROVOKED,USA,M,,N
2011.0,INVALID,AUSTRALIA,M,,Y
2011.0,UNPROVOKED,USA,F,,N
2011.0,UNPROVOKED,USA,M,,N
2011.0,UNPROVOKED,USA,M,,N
2011.0,UNPROVOKED,SOUTHAFRICA,M,,Y
2011.0,UNPROVOKED,RUSSIA,M,,N
2011.0,UNPROVOKED,USA,F,S,N
2011.0,INVALID,USA,M,,N
2011.0,UNPROVOKED,RUSSIA,M,,N
2011.0,UNPROVOKED,FRENCHPOLYNESIA,M,,N
2011.0,UNPROVOKED,USA,M,,N
2011.0,UNPROVOKED,SEYCHELLES,M,,Y
2011.0,INVALID,USA,M,,N
2011.0,UNPROVOKED,USA,M,,N
2011.0,UNPROVOKED,SEYCHELLES,M,,Y
2011.0,INVALID,BRAZIL,M,,Y
2011.0,SEADISASTER,PHILIPPINES,M,,N
2011.0,UNPROVOKED,SOUTHAFRICA,M,,N
2011.0,UNPROVOKED,USA,F,,N
2011.0,UNPROVOKED,BAHAMAS,M,,N
2011.0,UNPROVOKED,USA,M,,N
2011.0,UNPROVOKED,USA,M,,N
2011.0,UNPROVOKED,REUNION,M,,N
2011.0,UNPROVOKED,COLUMBIA,M,,N
2011.0,UNPROVOKED,TURKSCAICOS,M,,N
2011.0,UNPROVOKED,BRAZIL,M,,N
2011.0,UNPROVOKED,SOUTHAFRICA,M,,N
2011.0,UNPROVOKED,USA,F,,N
2011.0,UNPROVOKED,USA,M,,N
2011.0,UNPROVOKED,TURKSCAICOS,M,,N
2011.0,UNPROVOKED,COSTARICA,M,,Y
2011.0,UNPROVOKED,REUNION,M,,Y
2011.0,UNPROVOKED,USA,M,,N
2011.0,UNPROVOKED,COLUMBIA,M,,N
2011.0,UNPROVOKED,USA,M,,N
2011.0,UNPROVOKED,USA,M,,N
2011.0,UNPROVOKED,USA,F,,N
2011.0,UNPROVOKED,SOUTHAFRICA,M,,N
2011.0,UNPROVOKED,SOUTHAFRICA,M,,Y
2011.0,UNPROVOKED,USA,M,,N
2011.0,UNPROVOKED,NEWCALEDONIA,M,,Y
2011.0,UNPROVOKED,USA,M,,N
2011.0,INVALID,UNITEDARABEMIRATESUAE,M,,N
2011.0,UNPROVOKED,SOUTHAFRICA,M,,N
2011.0,UNPROVOKED,USA,M,,N
2011.0,UNPROVOKED,AUSTRALIA,M,,N
2011.0,UNPROVOKED,USA,M,,N
2011.0,UNPROVOKED,NEWZEALAND,M,,N
2011.0,UNPROVOKED,FIJI,M,,N
2011.0,UNPROVOKED,AUSTRALIA,M,,N
2011.0,UNPROVOKED,MEXICO,M,,N
2011.0,UNPROVOKED,FIJI,M,,N
2011.0,UNPROVOKED,AUSTRALIA,F,,N
2011.0,PROVOKED,AUSTRALIA,M,,N
2011.0,UNPROVOKED,NEWCALEDONIA,M,,N
2011.0,UNPROVOKED,REUNION,M,,N
2011.0,UNPROVOKED,AUSTRALIA,M,,Y
2011.0,UNPROVOKED,AUSTRALIA,M,,N
2011.0,UNPROVOKED,SOUTHAFRICA,M,,N
2011.0,UNPROVOKED,MEXICO,F,,N
2011.0,PROVOKED,MEXICO,M,,N
2011.0,UNPROVOKED,BAHAMAS,M,,N
2011.0,INVALID,AUSTRALIA,F,,N
2011.0,UNPROVOKED,SOUTHAFRICA,M,,Y
2011.0,UNPROVOKED,MEXICO,M,,N
2010.0,UNPROVOKED,USA,M,,N
2010.0,UNPROVOKED,USA,M,,N
2010.0,UNPROVOKED,EGYPT,F,,Y
2010.0,UNPROVOKED,EGYPT,M,,N
2010.0,UNPROVOKED,EGYPT,M,,N
2010.0,UNPROVOKED,EGYPT,F,,N
2010.0,UNPROVOKED,EGYPT,F,,N
2010.0,UNPROVOKED,SAMOA,M,,N
2010.0,PROVOKED,USA,M,,N
2010.0,UNPROVOKED,DOMINICANREPUBLIC,M,,Y
2010.0,UNPROVOKED,AUSTRALIA,F,,N
2010.0,UNPROVOKED,USA,M,,N
2010.0,UNPROVOKED,AUSTRALIA,M,,N
2010.0,UNPROVOKED,USA,M,,Y
2010.0,UNPROVOKED,AUSTRALIA,M,,N
2010.0,UNPROVOKED,SOUTHAFRICA,M,TEEN,N
2010.0,UNPROVOKED,USA,M,,N
2010.0,UNPROVOKED,USA,M,,N
2010.0,UNPROVOKED,SOUTHAFRICA,M,,Y
2010.0,UNPROVOKED,AUSTRALIA,M,,N
2010.0,UNPROVOKED,USA,M,,N
2010.0,UNPROVOKED,TONGA,M,,N
2010.0,UNPROVOKED,USA,M,,N
2010.0,UNPROVOKED,USA,M,,N
2010.0,UNPROVOKED,SOLOMONISLANDS,M,,N
2010.0,INVALID,BAHAMAS,M,,Y
2010.0,UNPROVOKED,USA,M,,N
2010.0,UNPROVOKED,AUSTRALIA,M,,Y
2010.0,UNPROVOKED,USA,M,,N
2010.0,UNPROVOKED,SOUTHKOREA,F,,N
2010.0,UNPROVOKED,AUSTRALIA,M,,N
2010.0,UNPROVOKED,USA,M,,N
2010.0,UNPROVOKED,MALTA,M,,N
2010.0,UNPROVOKED,USA,F,,N
2010.0,UNPROVOKED,USA,M,,N
2010.0,UNPROVOKED,USA,M,,N
2010.0,UNPROVOKED,USA,M,,N
2010.0,UNPROVOKED,USA,F,,N
2010.0,UNPROVOKED,USA,M,,N
2010.0,PROVOKED,SPAIN,M,,N
2010.0,UNPROVOKED,SOUTHAFRICA,F,,N
2010.0,PROVOKED,USA,M,,N
2010.0,UNPROVOKED,USA,M,,N
2010.0,UNPROVOKED,USA,M,,N
2010.0,UNPROVOKED,USA,M,,N
2010.0,UNPROVOKED,USA,F,,N
2010.0,UNPROVOKED,USA,F,,N
2010.0,UNPROVOKED,VIETNAM,M,,N
2010.0,UNPROVOKED,USA,F,,N
2010.0,UNPROVOKED,AUSTRALIA,M,,N
2010.0,UNPROVOKED,USA,M,,N
2010.0,PROVOKED,USA,M,,N
2010.0,UNPROVOKED,VIETNAM,F,,N
2010.0,UNPROVOKED,VIETNAM,F,,N
2010.0,UNPROVOKED,MADAGASCAR,M,,N
2010.0,UNPROVOKED,USA,F,,N
2010.0,PROVOKED,USA,M,,N
2010.0,UNPROVOKED,USA,M,,N
2010.0,UNPROVOKED,SOUTHAFRICA,M,,N
2010.0,UNPROVOKED,EGYPT,M,,N
2010.0,UNPROVOKED,REUNION,M,,N
2010.0,UNPROVOKED,FIJI,M,,Y
2010.0,UNPROVOKED,AUSTRALIA,F,,N
2010.0,UNPROVOKED,AUSTRALIA,M,,N
2010.0,UNPROVOKED,AUSTRALIA,M,,N
2010.0,INVALID,GUAM,M,,Y
2010.0,UNPROVOKED,USA,M,,Y
2010.0,PROVOKED,NEWZEALAND,F,,N
2010.0,UNPROVOKED,BRAZIL,M,,N
2010.0,UNPROVOKED,UNITEDARABEMIRATESUAE,M,,N
2010.0,UNPROVOKED,SOUTHAFRICA,M,,Y
2010.0,UNPROVOKED,AUSTRALIA,F,,N
2010.0,UNPROVOKED,USA,M,,N
2009.0,UNPROVOKED,SOUTHAFRICA,M,,N
2009.0,PROVOKED,AUSTRALIA,M,,N
2009.0,UNPROVOKED,MOZAMBIQUE,M,,N
2009.0,UNPROVOKED,AUSTRALIA,M,,N
2009.0,UNPROVOKED,SOUTHAFRICA,M,,Y
2009.0,UNPROVOKED,NEWZEALAND,M,,Y
2009.0,UNPROVOKED,AUSTRALIA,M,,N
2009.0,PROVOKED,USA,M,,N
2009.0,INVALID,USA,M,,N
2009.0,UNPROVOKED,USA,M,,N
2009.0,UNPROVOKED,USA,M,,N
2009.0,UNPROVOKED,USA,M,,N
2009.0,UNPROVOKED,USA,F,,N
2009.0,UNPROVOKED,USA,M,,N
2009.0,UNPROVOKED,AUSTRALIA,M,,N
2009.0,UNPROVOKED,USA,M,,N
2009.0,UNPROVOKED,AUSTRALIA,M,,N
2009.0,UNPROVOKED,AUSTRALIA,F,,N
2009.0,UNPROVOKED,USA,M,,N
2009.0,UNPROVOKED,PANAMA,F,,N
2009.0,PROVOKED,SCOTLAND,M,,N
2009.0,UNPROVOKED,AUSTRALIA,M,,N
2009.0,PROVOKED,UNITEDKINGDOM,M,,N
2009.0,PROVOKED,BRAZIL,M,,Y
2009.0,INVALID,USA,M,,Y
2009.0,UNPROVOKED,BRAZIL,M,,Y
2009.0,UNPROVOKED,SOUTHAFRICA,M,,Y
2009.0,UNPROVOKED,USA,F,,N
2009.0,UNPROVOKED,USA,M,,N
2009.0,UNPROVOKED,USA,M,,N
2009.0,UNPROVOKED,BAHAMAS,M,,N
2009.0,UNPROVOKED,AUSTRALIA,M,,N
2009.0,UNPROVOKED,VIETNAM,F,,N
2009.0,UNPROVOKED,USA,F,,N
2009.0,INVALID,SPAIN,F,,N
2009.0,UNPROVOKED,USA,F,,N
2009.0,UNPROVOKED,USA,F,,N
2009.0,UNPROVOKED,VIETNAM,M,,N
2009.0,UNPROVOKED,SOUTHAFRICA,M,,N
2009.0,UNPROVOKED,USA,F,,N
2009.0,PROVOKED,USA,F,,N
2009.0,UNPROVOKED,AUSTRALIA,M,,N
2009.0,INVALID,USA,M,,N
2009.0,INVALID,USA,M,,N
2009.0,UNPROVOKED,EGYPT,F,,Y
2009.0,PROVOKED,TAIWAN,M,,N
2009.0,UNPROVOKED,USA,M,,N
2009.0,UNPROVOKED,USA,M,,N
2009.0,UNPROVOKED,USA,M,,N
2009.0,PROVOKED,GUAM,M,,N
2009.0,PROVOKED,BAHAMAS,M,,N
2009.0,UNPROVOKED,USA,M,,N
2009.0,UNPROVOKED,PHILIPPINES,M,,N
2009.0,UNPROVOKED,USA,M,,N
2009.0,UNPROVOKED,USA,M,,N
2009.0,INVALID,USA,M,,N
2009.0,UNPROVOKED,AUSTRALIA,M,,N
2009.0,INVALID,SOUTHAFRICA,M,,Y
2009.0,UNPROVOKED,USA,M,,N
2009.0,PROVOKED,SOUTHAFRICA,M,,N
2009.0,UNPROVOKED,SOUTHAFRICA,M,,Y
2009.0,UNPROVOKED,AUSTRALIA,M,,N
2009.0,UNPROVOKED,USA,F,,N
2009.0,UNPROVOKED,USA,M,,N
2009.0,PROVOKED,AUSTRALIA,M,,N
2009.0,UNPROVOKED,NEWCALEDONIA,M,,Y
2009.0,PROVOKED,SOUTHAFRICA,M,,N
2009.0,UNPROVOKED,AUSTRALIA,M,,N
2009.0,UNPROVOKED,AUSTRALIA,M,,N
2009.0,UNPROVOKED,AUSTRALIA,M,,N
2009.0,UNPROVOKED,AUSTRALIA,M,,N
2009.0,PROVOKED,AZORES,M,,N
2009.0,INVALID,BRAZIL,M,,Y
2009.0,UNPROVOKED,CUBA,M,,N
2009.0,UNPROVOKED,AUSTRALIA,M,,N
2009.0,UNPROVOKED,SOUTHAFRICA,M,,Y
2009.0,INVALID,BRAZIL,M,,Y
2009.0,UNPROVOKED,AUSTRALIA,M,,N
2009.0,UNPROVOKED,AUSTRALIA,F,,N
2009.0,UNPROVOKED,AUSTRALIA,M,,N
2009.0,UNPROVOKED,ECUADOR,M,,N
2009.0,UNPROVOKED,NEWZEALAND,M,,N
2008.0,UNPROVOKED,AUSTRALIA,M,,N
2008.0,UNPROVOKED,AUSTRALIA,M,,N
2008.0,UNPROVOKED,AUSTRALIA,M,,Y
2008.0,PROVOKED,SOUTHAFRICA,M,,N
2008.0,SEADISASTER,TAIWAN,M,,Y
2008.0,UNPROVOKED,PHILIPPINES,M,,Y
2008.0,PROVOKED,AUSTRALIA,M,,N
2008.0,UNPROVOKED,NEWCALEDONIA,M,,N
2008.0,PROVOKED,AUSTRALIA,M,,N
2008.0,UNPROVOKED,AUSTRALIA,M,,N
2008.0,UNPROVOKED,USA,M,,N
2008.0,UNPROVOKED,CROATIA,M,,N
2008.0,UNPROVOKED,USA,M,,N
2008.0,UNPROVOKED,USA,M,,N
2008.0,PROVOKED,AUSTRALIA,M,,N
2008.0,UNPROVOKED,USA,M,,N
2008.0,UNPROVOKED,USA,M,,N
2008.0,UNPROVOKED,AUSTRALIA,M,,N
2008.0,UNPROVOKED,USA,M,,N
2008.0,UNPROVOKED,USA,M,,N
2008.0,UNPROVOKED,USA,M,,N
2008.0,UNPROVOKED,AUSTRALIA,M,,N
2008.0,INVALID,USA,M,,Y
2008.0,PROVOKED,ENGLAND,M,,N
2008.0,UNPROVOKED,USA,M,,N
2008.0,UNPROVOKED,USA,M,,N
2008.0,UNPROVOKED,USA,M,,N
2008.0,INVALID,USA,F,,N
2008.0,UNPROVOKED,USA,M,,N
2008.0,INVALID,USA,M,,N
2008.0,UNPROVOKED,USA,F,,N
2008.0,UNPROVOKED,USA,F,,N
2008.0,UNPROVOKED,AUSTRALIA,M,,N
2008.0,UNPROVOKED,MEXICO,M,,N
2008.0,UNPROVOKED,USA,M,,N
2008.0,UNPROVOKED,USA,F,,N
2008.0,UNPROVOKED,USA,M,,N
2008.0,UNPROVOKED,USA,F,,N
2008.0,PROVOKED,USA,M,,N
2008.0,UNPROVOKED,USA,M,,N
2008.0,INVALID,USA,M,,N
2008.0,UNPROVOKED,USA,M,,N
2008.0,UNPROVOKED,USA,F,,N
2008.0,UNPROVOKED,USA,F,,N
2008.0,BOAT,UNITEDKINGDOM,M,,N
2008.0,INVALID,USA,M,,Y
2008.0,UNPROVOKED,BAHAMAS,M,,N
2008.0,UNPROVOKED,SOUTHAFRICA,M,,N
2008.0,UNPROVOKED,USA,M,,N
2008.0,UNPROVOKED,USA,M,,N
2008.0,UNPROVOKED,USA,F,,N
2008.0,UNPROVOKED,USA,F,,N
2008.0,UNPROVOKED,BRAZIL,M,,N
2008.0,UNPROVOKED,USA,M,,N
2008.0,UNPROVOKED,USA,F,,N
2008.0,UNPROVOKED,BRAZIL,M,,N
2008.0,UNPROVOKED,USA,M,,N
2008.0,UNPROVOKED,MEXICO,M,,N
2008.0,UNPROVOKED,MEXICO,M,,Y
2008.0,UNPROVOKED,FIJI,M,,Y
2008.0,UNPROVOKED,AUSTRALIA,M,,N
2008.0,UNPROVOKED,NEWCALEDONIA,M,,N
2008.0,UNPROVOKED,USA,M,,N
2008.0,PROVOKED,SOUTHAFRICA,M,,N
2008.0,UNPROVOKED,MEXICO,M,,Y
2008.0,UNPROVOKED,USA,M,,N
2008.0,UNPROVOKED,USA,M,,N
2008.0,UNPROVOKED,NEWCALEDONIA,M,,N
2008.0,PROVOKED,USA,M,,N
2008.0,UNPROVOKED,USA,M,,Y
2008.0,UNPROVOKED,USA,M,,N
2008.0,INVALID,MEXICO,M,,Y
2008.0,INVALID,AUSTRALIA,M,,N
2008.0,UNPROVOKED,USA,M,,N
2008.0,UNPROVOKED,USA,M,,N
2008.0,UNPROVOKED,AUSTRALIA,M,,Y
2008.0,UNPROVOKED,USA,M,,N
2008.0,UNPROVOKED,SOUTHAFRICA,M,,N
2008.0,UNPROVOKED,USA,M,,N
2008.0,UNPROVOKED,USA,M,,N
2008.0,UNPROVOKED,USA,M,,N
2008.0,UNPROVOKED,USA,M,,N
2008.0,UNPROVOKED,USA,M,,N
2008.0,UNPROVOKED,BAHAMAS,M,,Y
2008.0,UNPROVOKED,FRENCHPOLYNESIA,M,,N
2008.0,UNPROVOKED,USA,M,,N
2008.0,UNPROVOKED,AUSTRALIA,F,,N
2008.0,UNPROVOKED,SOUTHAFRICA,M,,N
2008.0,PROVOKED,AUSTRALIA,M,,N
2008.0,UNPROVOKED,USA,M,,N
2008.0,UNPROVOKED,MEXICO,M,,N
2007.0,UNPROVOKED,ECUADOR,M,,N
2007.0,INVALID,BRITISHVIRGINISLANDS,M,,Y
2007.0,UNPROVOKED,AUSTRALIA,M,,N
2007.0,UNPROVOKED,AUSTRALIA,M,TEEN,N
2007.0,INVALID,AUSTRALIA,M,,N
2007.0,UNPROVOKED,USA,M,,N
2007.0,UNPROVOKED,BRAZIL,M,,N
2007.0,PROVOKED,AUSTRALIA,M,,N
2007.0,UNPROVOKED,SOUTHAFRICA,M,,N
2007.0,UNPROVOKED,USA,M,,N
2007.0,UNPROVOKED,USA,M,,N
2007.0,UNPROVOKED,SOUTHAFRICA,M,,N
2007.0,UNPROVOKED,USA,M,,N
2007.0,UNPROVOKED,AUSTRALIA,F,,N
2007.0,UNPROVOKED,AUSTRALIA,M,,N
2007.0,UNPROVOKED,USA,M,,N
2007.0,UNPROVOKED,USA,M,,N
2007.0,UNPROVOKED,NEWCALEDONIA,F,,Y
2007.0,UNPROVOKED,BAHAMAS,F,,N
2007.0,UNPROVOKED,EGYPT,F,OR,N
2007.0,UNPROVOKED,USA,M,,N
2007.0,UNPROVOKED,USA,M,,N
2007.0,UNPROVOKED,USA,F,TEEN,N
2007.0,UNPROVOKED,USA,M,,N
2007.0,UNPROVOKED,USA,F,,N
2007.0,UNPROVOKED,USA,F,,N
2007.0,UNPROVOKED,USA,M,,N
2007.0,UNPROVOKED,USA,F,,N
2007.0,UNPROVOKED,USA,M,,N
2007.0,UNPROVOKED,USA,M,,N
2007.0,UNPROVOKED,USA,M,,N
2007.0,UNPROVOKED,USA,M,,N
2007.0,UNPROVOKED,USA,M,,N
2007.0,UNPROVOKED,USA,M,,N
2007.0,UNPROVOKED,USA,M,,N
2007.0,UNPROVOKED,USA,M,,N
2007.0,UNPROVOKED,USA,M,,N
2007.0,UNPROVOKED,USA,F,,N
2007.0,UNPROVOKED,USA,M,,N
2007.0,UNPROVOKED,USA,M,,N
2007.0,UNPROVOKED,USA,M,,N
2007.0,UNPROVOKED,USA,F,,N
2007.0,UNPROVOKED,USA,M,,N
2007.0,UNPROVOKED,USA,M,,N
2007.0,UNPROVOKED,USA,M,,N
2007.0,UNPROVOKED,AUSTRALIA,M,,N
2007.0,UNPROVOKED,USA,M,,N
2007.0,PROVOKED,NORWAY,M,,N
2007.0,INVALID,USA,F,,N
2007.0,UNPROVOKED,USA,F,,N
2007.0,UNPROVOKED,BAHAMAS,F,,N
2007.0,UNPROVOKED,USA,M,,N
2007.0,UNPROVOKED,REUNION,M,,N
2007.0,UNPROVOKED,USA,M,,N
2007.0,INVALID,USA,F,,N
2007.0,PROVOKED,USA,F,,N
2007.0,PROVOKED,ENGLAND,M,,N
2007.0,UNPROVOKED,AUSTRALIA,F,,N
2007.0,UNPROVOKED,AUSTRALIA,M,,N
2007.0,UNPROVOKED,USA,F,,N
2007.0,INVALID,AUSTRALIA,M,,Y
2007.0,UNPROVOKED,USA,F,,N
2007.0,UNPROVOKED,USA,M,,N
2007.0,PROVOKED,BAHAMAS,F,,N
2007.0,UNPROVOKED,AUSTRALIA,F,,N
2007.0,UNPROVOKED,USA,M,,N
2007.0,UNPROVOKED,USA,M,,N
2007.0,UNPROVOKED,NEWCALEDONIA,M,,N
2007.0,UNPROVOKED,USA,M,,N
2007.0,UNPROVOKED,USA,M,,N
2007.0,UNPROVOKED,USA,M,,N
2007.0,UNPROVOKED,USA,M,,N
2007.0,UNPROVOKED,AUSTRALIA,F,,N
2007.0,UNPROVOKED,AUSTRALIA,F,,N
2007.0,UNPROVOKED,USA,M,,N
2007.0,PROVOKED,NEWZEALAND,M,,N
2007.0,INVALID,COSTARICA,M,,Y
2007.0,UNPROVOKED,AUSTRALIA,M,,N
2007.0,UNPROVOKED,NEWCALEDONIA,M,,N
2007.0,UNPROVOKED,AUSTRALIA,M,,N
2007.0,INVALID,AUSTRALIA,M,,Y
2007.0,UNPROVOKED,SOUTHAFRICA,M,,Y
2007.0,INVALID,USA,M,,N
2007.0,UNPROVOKED,USA,M,,N
2006.0,UNPROVOKED,AUSTRALIA,M,,N
2006.0,UNPROVOKED,NEWZEALAND,M,,N
2006.0,UNPROVOKED,USA,M,,N
2006.0,PROVOKED,SOUTHAFRICA,M,,N
2006.0,UNPROVOKED,AUSTRALIA,M,,N
2006.0,UNPROVOKED,USA,M,,N
2006.0,UNPROVOKED,USA,M,,N
2006.0,UNPROVOKED,USA,M,,N
2006.0,UNPROVOKED,USA,M,,N
2006.0,UNPROVOKED,USA,M,,N
2006.0,UNPROVOKED,BAHAMAS,F,,N
2006.0,INVALID,SOUTHAFRICA,M,,N
2006.0,UNPROVOKED,USA,M,,N
2006.0,UNPROVOKED,USA,M,,N
2006.0,UNPROVOKED,USA,M,,N
2006.0,UNPROVOKED,USA,M,,N
2006.0,INVALID,AUSTRALIA,M,,Y
2006.0,UNPROVOKED,BRAZIL,M,,Y
2006.0,UNPROVOKED,USA,M,,N
2006.0,UNPROVOKED,USA,M,OR,N
2006.0,UNPROVOKED,SOUTHAFRICA,M,,N
2006.0,UNPROVOKED,USA,M,,N
2006.0,UNPROVOKED,REUNION,M,,N
2006.0,INVALID,BRAZIL,M,,Y
2006.0,INVALID,BELIZE,M,,Y
2006.0,UNPROVOKED,REUNION,M,,Y
2006.0,UNPROVOKED,SOUTHAFRICA,M,,N
2006.0,UNPROVOKED,USA,F,,N
2006.0,UNPROVOKED,USA,M,,N
2006.0,UNPROVOKED,USA,M,,N
2006.0,UNPROVOKED,SOUTHAFRICA,M,,N
2006.0,UNPROVOKED,USA,M,,N
2006.0,UNPROVOKED,USA,M,,N
2006.0,INVALID,SPAIN,F,,N
2006.0,UNPROVOKED,USA,F,,N
2006.0,UNPROVOKED,USA,M,,N
2006.0,UNPROVOKED,USA,M,,N
2006.0,UNPROVOKED,USA,F,,N
2006.0,UNPROVOKED,USA,M,,N
2006.0,UNPROVOKED,USA,F,,N
2006.0,UNPROVOKED,USA,M,,N
2006.0,UNPROVOKED,USA,F,,N
2006.0,UNPROVOKED,BAHAMAS,M,,N
2006.0,UNPROVOKED,USA,F,,N
2006.0,UNPROVOKED,BRAZIL,M,,Y
2006.0,UNPROVOKED,USA,M,,N
2006.0,UNPROVOKED,USA,M,,N
2006.0,UNPROVOKED,USA,F,,N
2006.0,UNPROVOKED,AUSTRALIA,M,,N
2006.0,UNPROVOKED,USA,M,,N
2006.0,UNPROVOKED,USA,M,,N
2006.0,PROVOKED,USA,M,,N
2006.0,UNPROVOKED,BRAZIL,M,,N
2006.0,UNPROVOKED,USA,F,S,N
2006.0,UNPROVOKED,USA,F,S,N
2006.0,PROVOKED,AUSTRALIA,M,,N
2006.0,UNPROVOKED,USA,M,,N
2006.0,UNPROVOKED,USA,F,,N
2006.0,PROVOKED,USA,M,,N
2006.0,UNPROVOKED,AUSTRALIA,M,,N
2006.0,UNPROVOKED,SOUTHAFRICA,M,,N
2006.0,UNPROVOKED,BRAZIL,M,,N
2006.0,UNPROVOKED,USA,M,,N
2006.0,UNPROVOKED,USA,F,,N
2006.0,INVALID,SOUTHAFRICA,M,,Y
2006.0,UNPROVOKED,FIJI,M,,N
2006.0,UNPROVOKED,AUSTRALIA,M,,N
2006.0,UNPROVOKED,USA,F,,N
2006.0,INVALID,USA,M,,Y
2006.0,UNPROVOKED,AUSTRALIA,M,,N
2006.0,UNPROVOKED,SOUTHAFRICA,M,,N
2006.0,UNPROVOKED,TONGA,F,,Y
2006.0,BOAT,USA,M,,N
2006.0,BOAT,ATLANTICOCEAN,M,,N
2006.0,UNPROVOKED,SOUTHAFRICA,M,,N
2006.0,BOAT,ATLANTICOCEAN,F,,N
2006.0,UNPROVOKED,AUSTRALIA,M,,N
2006.0,UNPROVOKED,AUSTRALIA,F,,Y
2006.0,UNPROVOKED,USA,M,,N
2006.0,UNPROVOKED,SOUTHAFRICA,M,,N
2005.0,UNPROVOKED,USA,M,,N
2005.0,UNPROVOKED,USA,M,,N
2005.0,UNPROVOKED,AUSTRALIA,M,,N
2005.0,UNPROVOKED,USA,M,TEEN,N
2005.0,UNPROVOKED,USA,M,,N
2005.0,UNPROVOKED,AUSTRALIA,M,,N
2005.0,UNPROVOKED,SOUTHAFRICA,M,,N
2005.0,UNPROVOKED,USA,M,S,N
2005.0,UNPROVOKED,USA,M,,N
2005.0,PROVOKED,SOUTHAFRICA,M,,N
2005.0,UNPROVOKED,USA,M,,N
2005.0,UNPROVOKED,USA,M,,N
2005.0,UNPROVOKED,USA,M,,N
2005.0,UNPROVOKED,USA,M,,N
2005.0,UNPROVOKED,STMAARTIN,M,,N
2005.0,UNPROVOKED,SOUTHAFRICA,M,,N
2005.0,UNPROVOKED,USA,M,,N
2005.0,UNPROVOKED,USA,F,,N
2005.0,PROVOKED,USA,M,,N
2005.0,UNPROVOKED,USA,M,,N
2005.0,UNPROVOKED,GRANDCAYMAN,F,,N
2005.0,UNPROVOKED,USA,M,,N
2005.0,UNPROVOKED,BAHAMAS,M,,N
2005.0,UNPROVOKED,SOUTHAFRICA,M,,N
2005.0,UNPROVOKED,AUSTRALIA,M,,N
2005.0,UNPROVOKED,AUSTRALIA,M,,N
2005.0,UNPROVOKED,AUSTRALIA,M,,N
2005.0,UNPROVOKED,USA,F,,N
2005.0,UNPROVOKED,USA,M,,Y
2005.0,UNPROVOKED,AUSTRALIA,M,,N
2005.0,UNPROVOKED,USA,F,,N
2005.0,UNPROVOKED,AUSTRALIA,M,,N
2005.0,UNPROVOKED,USA,M,,N
2005.0,PROVOKED,THAILAND,M,,Y
2005.0,UNPROVOKED,AUSTRALIA,M,,Y
2005.0,UNPROVOKED,USA,M,,N
2005.0,INVALID,USA,M,,N
2005.0,UNPROVOKED,USA,M,,N
2005.0,UNPROVOKED,USA,M,,N
2005.0,UNPROVOKED,USA,M,,N
2005.0,UNPROVOKED,USA,M,,N
2005.0,UNPROVOKED,USA,F,,N
2005.0,UNPROVOKED,USA,M,,N
2005.0,INVALID,USA,M,,N
2005.0,PROVOKED,CHINA,M,,N
2005.0,UNPROVOKED,USA,M,,N
2005.0,UNPROVOKED,USA,F,,N
2005.0,UNPROVOKED,USA,M,,N
2005.0,UNPROVOKED,USA,M,,N
2005.0,UNPROVOKED,USA,F,,Y
2005.0,UNPROVOKED,VANUATU,F,,Y
2005.0,INVALID,USA,M,,N
2005.0,UNPROVOKED,USA,M,,N
2005.0,UNPROVOKED,SOUTHKOREA,F,,N
2005.0,UNPROVOKED,USA,F,,N
2005.0,INVALID,USA,M,,N
2005.0,UNPROVOKED,SOUTHAFRICA,M,,Y
2005.0,UNPROVOKED,USA,M,,N
2005.0,UNPROVOKED,USA,M,,N
2005.0,UNPROVOKED,SOUTHAFRICA,M,,N
2005.0,SEADISASTER,USA,M,TEENS,N
2005.0,UNPROVOKED,USA,M,,N
2005.0,PROVOKED,AUSTRALIA,M,,N
2005.0,UNPROVOKED,AUSTRALIA,M,,N
2005.0,UNPROVOKED,AUSTRALIA,M,,N
2005.0,UNPROVOKED,USA,F,,N
2005.0,INVALID,USA,M,,N
2005.0,UNPROVOKED,USA,M,,N
2005.0,UNPROVOKED,SOUTHAFRICA,M,,N
2005.0,UNPROVOKED,AUSTRALIA,M,,Y
2005.0,PROVOKED,USA,M,,N
2005.0,INVALID,SOUTHAFRICA,M,,N
2005.0,UNPROVOKED,AUSTRALIA,M,,N
2005.0,UNPROVOKED,BRAZIL,M,,N
2005.0,UNPROVOKED,CUBA,M,,N
2005.0,UNPROVOKED,NEWZEALAND,M,,N
2004.0,INVALID,SRILANKA,F,,N
2004.0,UNPROVOKED,AUSTRALIA,M,,Y
2004.0,UNPROVOKED,AUSTRALIA,M,,Y
2004.0,UNPROVOKED,SOUTHAFRICA,M,,N
2004.0,UNPROVOKED,SOUTHAFRICA,M,,N
2004.0,UNPROVOKED,SOUTHAFRICA,F,,Y
2004.0,UNPROVOKED,USA,LLI,,N
2004.0,UNPROVOKED,VANUATU,M,S,N
2004.0,UNPROVOKED,CUBA,M,,N
2004.0,UNPROVOKED,SOUTHAFRICA,M,,N
2004.0,UNPROVOKED,AUSTRALIA,M,,N
2004.0,UNPROVOKED,USA,M,,N
2004.0,UNPROVOKED,SOUTHAFRICA,M,,N
2004.0,UNPROVOKED,REUNION,M,,N
2004.0,UNPROVOKED,USA,M,,N
2004.0,UNPROVOKED,USA,M,,N
2004.0,UNPROVOKED,USA,M,,N
2004.0,UNPROVOKED,USA,F,,N
2004.0,UNPROVOKED,USA,F,,N
2004.0,UNPROVOKED,BRAZIL,M,,N
2004.0,UNPROVOKED,USA,M,,Y
2004.0,UNPROVOKED,USA,M,,N
2004.0,UNPROVOKED,AUSTRALIA,M,,N
2004.0,UNPROVOKED,USA,F,,N
2004.0,UNPROVOKED,USA,F,,N
2004.0,UNPROVOKED,USA,F,,N
2004.0,UNPROVOKED,USA,F,,N
2004.0,UNPROVOKED,USA,M,,N
2004.0,UNPROVOKED,JAPAN,M,,N
2004.0,UNPROVOKED,AUSTRALIA,M,,Y
2004.0,UNPROVOKED,EGYPT,F,TEEN,N
2004.0,UNPROVOKED,USA,M,,N
2004.0,UNPROVOKED,USA,M,,N
2004.0,UNPROVOKED,AUSTRALIA,M,,N
2004.0,UNPROVOKED,USA,M,,N
2004.0,UNPROVOKED,SOUTHAFRICA,M,,Y
2004.0,UNPROVOKED,USA,M,,N
2004.0,UNPROVOKED,BRAZIL,M,,N
2004.0,UNPROVOKED,USA,M,,N
2004.0,UNPROVOKED,USA,M,,N
2004.0,INVALID,USA,M,,N
2004.0,UNPROVOKED,USA,F,,N
2004.0,UNPROVOKED,BRAZIL,F,,N
2004.0,PROVOKED,BAHAMAS,M,,N
2004.0,UNPROVOKED,USA,M,,N
2004.0,UNPROVOKED,BRAZIL,M,,Y
2004.0,UNPROVOKED,USA,M,,Y
2004.0,UNPROVOKED,SOUTHAFRICA,M,,N
2004.0,INVALID,USA,F,,Y
2004.0,UNPROVOKED,USA,M,,N
2004.0,UNPROVOKED,USA,M,,N
2004.0,UNPROVOKED,BRAZIL,M,,N
2004.0,UNPROVOKED,REUNION,M,,N
2004.0,UNPROVOKED,USA,M,,N
2004.0,UNPROVOKED,USA,M,,N
2004.0,UNPROVOKED,AUSTRALIA,M,,N
2004.0,UNPROVOKED,BRAZIL,M,,Y
2004.0,UNPROVOKED,NEWZEALAND,M,,N
2004.0,INVALID,AUSTRALIA,M,,N
2004.0,UNPROVOKED,AUSTRALIA,M,,N
2004.0,UNPROVOKED,AUSTRALIA,M,,N
2004.0,UNPROVOKED,URUGUAY,M,,N
2004.0,UNPROVOKED,VENEZUELA,M,,N
2004.0,UNPROVOKED,SOUTHAFRICA,M,,N
2003.0,INVALID,USA,M,,N
2003.0,UNPROVOKED,USA,M,,N
2003.0,UNPROVOKED,NEWZEALAND,M,,Y
2003.0,UNPROVOKED,AUSTRALIA,M,,N
2003.0,UNPROVOKED,SOUTHAFRICA,M,,Y
2003.0,UNPROVOKED,USA,F,,N
2003.0,UNPROVOKED,INDIA,M,,N
2003.0,UNPROVOKED,USA,M,,N
2003.0,UNPROVOKED,USA,M,,N
2003.0,UNPROVOKED,AUSTRALIA,M,,N
2003.0,UNPROVOKED,USA,F,,N
2003.0,UNPROVOKED,USA,M,,N
2003.0,INVALID,USA,M,,N
2003.0,UNPROVOKED,USA,M,,N
2003.0,UNPROVOKED,USA,M,,N
2003.0,PROVOKED,USA,M,,N
2003.0,UNPROVOKED,USA,M,,N
2003.0,UNPROVOKED,USA,F,,N
2003.0,UNPROVOKED,FIJI,M,,Y
2003.0,UNPROVOKED,USA,M,,N
2003.0,UNPROVOKED,USA,M,,N
2003.0,UNPROVOKED,USA,M,,N
2003.0,UNPROVOKED,USA,M,,N
2003.0,UNPROVOKED,USA,M,,N
2003.0,INVALID,USA,F,OR,N
2003.0,UNPROVOKED,USA,M,,N
2003.0,UNPROVOKED,USA,M,,N
2003.0,UNPROVOKED,SOUTHAFRICA,M,,Y
2003.0,UNPROVOKED,USA,F,,Y
2003.0,INVALID,USA,M,,N
2003.0,UNPROVOKED,SOUTHAFRICA,M,,N
2003.0,UNPROVOKED,AUSTRALIA,M,,N
2003.0,UNPROVOKED,USA,M,,N
2003.0,UNPROVOKED,USA,F,,N
2003.0,UNPROVOKED,BAHAMAS,M,,N
2003.0,PROVOKED,USA,M,,N
2003.0,UNPROVOKED,USA,M,,N
2003.0,UNPROVOKED,BAHAMAS,M,,N
2003.0,UNPROVOKED,USA,M,,N
2003.0,UNPROVOKED,USA,M,,N
2003.0,UNPROVOKED,USA,F,,N
2003.0,UNPROVOKED,USA,M,,N
2003.0,UNPROVOKED,USA,M,,N
2003.0,UNPROVOKED,USA,M,,N
2003.0,INVALID,USA,F,,N
2003.0,UNPROVOKED,USA,M,,N
2003.0,UNPROVOKED,USA,M,,N
2003.0,UNPROVOKED,USA,M,,N
2003.0,PROVOKED,USA,M,,N
2003.0,UNPROVOKED,USA,F,,N
2003.0,UNPROVOKED,BRAZIL,M,,N
2003.0,UNPROVOKED,BRAZIL,M,,N
2003.0,UNPROVOKED,BRAZIL,M,,N
2003.0,UNPROVOKED,USA,M,,N
2003.0,UNPROVOKED,USA,M,,N
2003.0,UNPROVOKED,USA,M,,N
2003.0,UNPROVOKED,USA,M,,N
2003.0,UNPROVOKED,USA,M,,N
2003.0,UNPROVOKED,USA,M,,N
2003.0,UNPROVOKED,USA,M,,N
2003.0,UNPROVOKED,USA,M,,N
2003.0,UNPROVOKED,VENEZUELA,M,,N
2003.0,UNPROVOKED,USA,M,,N
2003.0,UNPROVOKED,NEWZEALAND,M,,N
2003.0,UNPROVOKED,AUSTRALIA,M,,N
2003.0,UNPROVOKED,USA,M,,N
2003.0,UNPROVOKED,AUSTRALIA,M,,N
2003.0,UNPROVOKED,AUSTRALIA,M,,Y
2003.0,INVALID,SOUTHAFRICA,M,,Y
2002.0,UNPROVOKED,AUSTRALIA,F,,N
2002.0,UNPROVOKED,SOUTHAFRICA,M,,N
2002.0,UNPROVOKED,AUSTRALIA,M,,N
2002.0,INVALID,AUSTRALIA,M,,N
2002.0,UNPROVOKED,AUSTRALIA,M,,Y
2002.0,UNPROVOKED,BRAZIL,M,,Y
2002.0,UNPROVOKED,USA,M,,N
2002.0,UNPROVOKED,USA,F,,N
2002.0,UNPROVOKED,TURKSCAICOS,F,,N
2002.0,UNPROVOKED,USA,M,,N
2002.0,UNPROVOKED,USA,M,,N
2002.0,UNPROVOKED,FRENCHPOLYNESIA,M,,N
2002.0,UNPROVOKED,USA,F,,N
2002.0,UNPROVOKED,BRAZIL,M,,Y
2002.0,UNPROVOKED,USA,M,,N
2002.0,UNPROVOKED,USA,M,,N
2002.0,UNPROVOKED,USA,M,,N
2002.0,UNPROVOKED,USA,M,,N
2002.0,UNPROVOKED,USA,M,,N
2002.0,UNPROVOKED,USA,M,,N
2002.0,UNPROVOKED,USA,M,,N
2002.0,PROVOKED,USA,M,Ã,N
2002.0,PROVOKED,TONGA,M,,N
2002.0,UNPROVOKED,USA,M,,N
2002.0,UNPROVOKED,USA,M,,N
2002.0,UNPROVOKED,BRAZIL,M,,N
2002.0,UNPROVOKED,SOUTHAFRICA,M,,N
2002.0,UNPROVOKED,USA,M,,N
2002.0,PROVOKED,USA,M,,N
2002.0,UNPROVOKED,USA,M,,N
2002.0,UNPROVOKED,USA,F,,N
2002.0,UNPROVOKED,USA,M,,N
2002.0,UNPROVOKED,USA,M,,N
2002.0,UNPROVOKED,USA,M,,N
2002.0,PROVOKED,UNITEDKINGDOM,M,,N
2002.0,UNPROVOKED,USA,M,,N
2002.0,UNPROVOKED,USA,M,,N
2002.0,UNPROVOKED,USA,F,,N
2002.0,PROVOKED,USA,M,,N
2002.0,PROVOKED,USA,M,,Y
2002.0,UNPROVOKED,BRAZIL,M,,N
2002.0,UNPROVOKED,USA,F,,N
2002.0,UNPROVOKED,AUSTRALIA,M,,N
2002.0,UNPROVOKED,USA,F,,N
2002.0,UNPROVOKED,USA,M,,N
2002.0,UNPROVOKED,USA,M,,N
2002.0,UNPROVOKED,USA,M,,N
2002.0,UNPROVOKED,SOUTHAFRICA,M,,N
2002.0,UNPROVOKED,USA,M,,N
2002.0,UNPROVOKED,USA,M,,N
2002.0,PROVOKED,USA,M,,N
2002.0,UNPROVOKED,USA,M,,N
2002.0,UNPROVOKED,PAPUANEWGUINEA,M,,N
2002.0,UNPROVOKED,USA,M,,N
2002.0,UNPROVOKED,BRAZIL,M,,N
2002.0,PROVOKED,AUSTRALIA,M,,N
2002.0,UNPROVOKED,AUSTRALIA,M,,Y
2002.0,INVALID,AUSTRALIA,M,,Y
2002.0,UNPROVOKED,USA,M,,N
2002.0,UNPROVOKED,USA,M,,N
2002.0,UNPROVOKED,AUSTRALIA,M,,N
2002.0,UNPROVOKED,BAHAMAS,M,,N
2002.0,UNPROVOKED,USA,M,,N
2002.0,UNPROVOKED,USA,M,,N
2002.0,UNPROVOKED,USA,M,,N
2002.0,UNPROVOKED,USA,F,,N
2002.0,UNPROVOKED,BRAZIL,M,,Y
2002.0,UNPROVOKED,USA,M,,N
2002.0,UNPROVOKED,USA,M,,N
2002.0,UNPROVOKED,USA,M,,N
2002.0,INVALID,NEWCALEDONIA,M,,Y
2002.0,UNPROVOKED,AUSTRALIA,M,OR,N
2002.0,UNPROVOKED,FIJI,M,,Y
2002.0,UNPROVOKED,AUSTRALIA,M,,N
2002.0,UNPROVOKED,AUSTRALIA,M,,N
2002.0,UNPROVOKED,AUSTRALIA,M,,N
2002.0,UNPROVOKED,SOUTHAFRICA,M,,N
2002.0,UNPROVOKED,SOUTHAFRICA,M,,N
2002.0,UNPROVOKED,USA,M,,N
2001.0,INVALID,AUSTRALIA,M,,N
2001.0,UNPROVOKED,AUSTRALIA,M,,N
2001.0,UNPROVOKED,AUSTRALIA,F,,N
2001.0,UNPROVOKED,MEXICO,M,,N
2001.0,BOAT,AUSTRALIA,M,,N
2001.0,PROVOKED,USA,M,,N
2001.0,UNPROVOKED,USA,M,,N
2001.0,INVALID,USA,M,,Y
2001.0,UNPROVOKED,USA,M,Ã,N
2001.0,UNPROVOKED,USA,M,,N
2001.0,PROVOKED,USA,M,,N
2001.0,UNPROVOKED,USA,M,,N
2001.0,UNPROVOKED,USA,M,,Y
2001.0,UNPROVOKED,USA,F,,N
2001.0,UNPROVOKED,USA,M,,N
2001.0,UNPROVOKED,USA,M,,Y
2001.0,UNPROVOKED,BAHAMAS,M,,N
2001.0,UNPROVOKED,USA,F,,N
2001.0,UNPROVOKED,USA,M,,N
2001.0,UNPROVOKED,USA,M,,N
2001.0,UNPROVOKED,USA,M,,N
2001.0,UNPROVOKED,USA,M,,N
2001.0,UNPROVOKED,USA,M,,N
2001.0,UNPROVOKED,USA,M,,N
2001.0,UNPROVOKED,USA,F,,N
2001.0,UNPROVOKED,USA,F,,N
2001.0,UNPROVOKED,USA,M,,N
2001.0,UNPROVOKED,USA,M,,N
2001.0,UNPROVOKED,USA,M,,N
2001.0,UNPROVOKED,BAHAMAS,M,,N
2001.0,UNPROVOKED,THAILAND,M,,N
2001.0,UNPROVOKED,BAHAMAS,M,,N
2001.0,UNPROVOKED,USA,M,,N
2001.0,UNPROVOKED,USA,M,,N
2001.0,UNPROVOKED,MEXICO,M,,N
2001.0,UNPROVOKED,USA,M,,N
2001.0,UNPROVOKED,USA,M,,N
2001.0,UNPROVOKED,USA,M,,N
2001.0,PROVOKED,USA,M,,N
2001.0,INVALID,AUSTRALIA,M,,Y
2001.0,UNPROVOKED,USA,F,,N
2001.0,UNPROVOKED,USA,M,,N
2001.0,UNPROVOKED,USA,M,,N
2001.0,PROVOKED,PHILIPPINES,M,,N
2001.0,UNPROVOKED,SOUTHAFRICA,M,,N
2001.0,UNPROVOKED,AUSTRALIA,M,OR,N
2001.0,UNPROVOKED,USA,M,,N
2001.0,UNPROVOKED,USA,M,,N
2001.0,UNPROVOKED,USA,M,,N
2001.0,UNPROVOKED,USA,M,,N
2001.0,UNPROVOKED,USA,M,MIDS,N
2001.0,UNPROVOKED,USA,M,,N
2001.0,UNPROVOKED,USA,M,,N
2001.0,UNPROVOKED,USA,M,,N
2001.0,UNPROVOKED,USA,M,,N
2001.0,UNPROVOKED,USA,M,,N
2001.0,UNPROVOKED,USA,M,,N
2001.0,UNPROVOKED,SOUTHAFRICA,M,,N
2001.0,UNPROVOKED,USA,M,,N
2001.0,UNPROVOKED,BRAZIL,F,,N
2001.0,UNPROVOKED,AUSTRALIA,M,,N
2001.0,INVALID,BRAZIL,M,,N
2001.0,UNPROVOKED,BRAZIL,M,,Y
2001.0,UNPROVOKED,AUSTRALIA,M,,N
2001.0,BOAT,AUSTRALIA,M,,N
2001.0,UNPROVOKED,CUBA,F,,N
2000.0,UNPROVOKED,AUSTRALIA,M,,N
2000.0,UNPROVOKED,FIJI,M,,Y
2000.0,UNPROVOKED,CANADA,M,,N
2000.0,UNPROVOKED,AUSTRALIA,M,,N
2000.0,UNPROVOKED,AUSTRALIA,M,,N
2000.0,INVALID,AUSTRALIA,M,,Y
2000.0,UNPROVOKED,USA,M,,N
2000.0,INVALID,USA,F,,N
2000.0,UNPROVOKED,AUSTRALIA,M,,N
2000.0,UNPROVOKED,AUSTRALIA,M,,Y
2000.0,UNPROVOKED,USA,M,,N
2000.0,UNPROVOKED,USA,M,,N
2000.0,UNPROVOKED,USA,F,,N
2000.0,UNPROVOKED,USA,M,,N
2000.0,UNPROVOKED,USA,M,,N
2000.0,UNPROVOKED,USA,M,,N
2000.0,UNPROVOKED,USA,M,,N
2000.0,UNPROVOKED,USA,M,,N
2000.0,UNPROVOKED,AUSTRALIA,M,,Y
2000.0,UNPROVOKED,AUSTRALIA,M,,Y
2000.0,PROVOKED,AUSTRALIA,M,,N
2000.0,UNPROVOKED,OKINAWA,M,,Y
2000.0,UNPROVOKED,USA,M,,N
2000.0,UNPROVOKED,USA,F,,N
2000.0,UNPROVOKED,USA,M,,N
2000.0,UNPROVOKED,USA,M,,N
2000.0,UNPROVOKED,SOUTHAFRICA,M,,N
2000.0,UNPROVOKED,TANZANIA,M,,Y
2000.0,UNPROVOKED,USA,M,,N
2000.0,UNPROVOKED,REUNION,M,,N
2000.0,UNPROVOKED,USA,M,,N
2000.0,UNPROVOKED,USA,M,,Y
2000.0,UNPROVOKED,USA,M,,N
2000.0,UNPROVOKED,USA,M,,N
2000.0,UNPROVOKED,USA,F,,N
2000.0,INVALID,USA,M,,Y
2000.0,UNPROVOKED,USA,M,,N
2000.0,UNPROVOKED,USA,F,,N
2000.0,UNPROVOKED,USA,M,,N
2000.0,UNPROVOKED,USA,M,,N
2000.0,UNPROVOKED,SOUTHAFRICA,M,,N
2000.0,UNPROVOKED,SOUTHAFRICA,M,,N
2000.0,UNPROVOKED,TONGA,M,,N
2000.0,UNPROVOKED,USA,M,,N
2000.0,UNPROVOKED,USA,M,,N
2000.0,UNPROVOKED,USA,M,,N
2000.0,UNPROVOKED,USA,F,,N
2000.0,UNPROVOKED,USA,F,,N
2000.0,UNPROVOKED,USA,F,,N
2000.0,UNPROVOKED,USA,F,,N
2000.0,UNPROVOKED,USA,F,,N
2000.0,UNPROVOKED,USA,M,,N
2000.0,UNPROVOKED,USA,M,,N
2000.0,UNPROVOKED,USA,M,,N
2000.0,UNPROVOKED,USA,M,,N
2000.0,UNPROVOKED,USA,M,,N
2000.0,UNPROVOKED,PAPUANEWGUINEA,M,,N
2000.0,UNPROVOKED,USA,M,,N
2000.0,UNPROVOKED,AUSTRALIA,M,,N
2000.0,UNPROVOKED,USA,F,,N
2000.0,UNPROVOKED,USA,M,,N
2000.0,UNPROVOKED,NEWCALEDONIA,M,,Y
2000.0,UNPROVOKED,USA,M,,N
2000.0,UNPROVOKED,USA,M,,N
2000.0,UNPROVOKED,NEWZEALAND,M,,N
2000.0,UNPROVOKED,AUSTRALIA,M,,N
2000.0,UNPROVOKED,THAILAND,M,,Y
1999.0,UNPROVOKED,NEWZEALAND,M,,N
1999.0,UNPROVOKED,NEWZEALAND,F,,N
1999.0,UNPROVOKED,NEWZEALAND,F,,N
1999.0,UNPROVOKED,BRAZIL,M,,N
1999.0,INVALID,BRAZIL,M,,N
1999.0,UNPROVOKED,USA,M,,N
1999.0,UNPROVOKED,USA,M,,N
1999.0,UNPROVOKED,USA,F,,N
1999.0,UNPROVOKED,SOUTHAFRICA,M,,N
1999.0,UNPROVOKED,BRAZIL,M,,N
1999.0,UNPROVOKED,MARSHALLISLANDS,M,,N
1999.0,UNPROVOKED,MARSHALLISLANDS,M,,N
1999.0,UNPROVOKED,USA,M,,N
1999.0,UNPROVOKED,USA,M,,N
1999.0,UNPROVOKED,USA,M,,N
1999.0,UNPROVOKED,USA,M,,N
1999.0,UNPROVOKED,USA,F,,N
1999.0,UNPROVOKED,USA,F,,N
1999.0,UNPROVOKED,USA,M,,N
1999.0,PROVOKED,USA,M,,N
1999.0,UNPROVOKED,USA,M,,N
1999.0,UNPROVOKED,USA,M,,N
1999.0,UNPROVOKED,MARSHALLISLANDS,M,,N
1999.0,UNPROVOKED,USA,M,,N
1999.0,UNPROVOKED,USA,M,,N
1999.0,UNPROVOKED,USA,M,,N
1999.0,UNPROVOKED,BAHAMAS,M,,N
1999.0,UNPROVOKED,SOUTHAFRICA,M,,N
1999.0,UNPROVOKED,USA,M,,N
1999.0,UNPROVOKED,USA,M,,N
1999.0,UNPROVOKED,SOUTHAFRICA,M,,Y
1999.0,UNPROVOKED,USA,F,,N
1999.0,UNPROVOKED,SOUTHAFRICA,M,,N
1999.0,UNPROVOKED,USA,M,,N
1999.0,UNPROVOKED,USA,M,,N
1999.0,UNPROVOKED,USA,M,,N
1999.0,UNPROVOKED,USA,M,,N
1999.0,UNPROVOKED,AUSTRALIA,M,,Y
1999.0,UNPROVOKED,BRAZIL,M,,N
1999.0,UNPROVOKED,MAURITIUS,F,,N
1999.0,UNPROVOKED,REUNION,M,,Y
1999.0,UNPROVOKED,USA,M,,N
1999.0,UNPROVOKED,USA,F,,Y
1999.0,PROVOKED,NEWZEALAND,M,,N
1999.0,UNPROVOKED,USA,M,,N
1999.0,UNPROVOKED,USA,F,,N
1999.0,UNPROVOKED,AUSTRALIA,M,,N
1999.0,UNPROVOKED,USA,M,,N
1999.0,UNPROVOKED,MAURITIUS,M,,N
1999.0,INVALID,AUSTRALIA,F,,N
1999.0,UNPROVOKED,SOUTHAFRICA,M,,N
1998.0,PROVOKED,USA,M,,N
1998.0,UNPROVOKED,AUSTRALIA,F,,N
1998.0,UNPROVOKED,SOUTHAFRICA,M,,N
1998.0,UNPROVOKED,SOUTHAFRICA,M,,N
1998.0,UNPROVOKED,AUSTRALIA,F,,N
1998.0,UNPROVOKED,USA,M,,Y
1998.0,UNPROVOKED,USA,M,,N
1998.0,UNPROVOKED,USA,M,,N
1998.0,UNPROVOKED,USA,M,,N
1998.0,PROVOKED,JAPAN,M,,N
1998.0,UNPROVOKED,BRAZIL,M,,Y
1998.0,UNPROVOKED,USA,F,,N
1998.0,UNPROVOKED,SOUTHAFRICA,M,,N
1998.0,UNPROVOKED,BRAZIL,M,,N
1998.0,UNPROVOKED,USA,M,,N
1998.0,UNPROVOKED,USA,M,,N
1998.0,UNPROVOKED,USA,M,,N
1998.0,UNPROVOKED,USA,M,,N
1998.0,PROVOKED,SENEGAL,M,,N
1998.0,UNPROVOKED,USA,M,,N
1998.0,UNPROVOKED,USA,M,,N
1998.0,UNPROVOKED,BAHAMAS,M,,N
1998.0,UNPROVOKED,USA,M,,N
1998.0,UNPROVOKED,SOUTHAFRICA,M,,N
1998.0,UNPROVOKED,SOUTHAFRICA,M,,N
1998.0,UNPROVOKED,USA,M,,N
1998.0,UNPROVOKED,SOUTHAFRICA,M,,N
1998.0,UNPROVOKED,SOUTHAFRICA,M,,N
1998.0,UNPROVOKED,SOUTHAFRICA,M,,N
1998.0,UNPROVOKED,AUSTRALIA,M,,Y
1998.0,UNPROVOKED,SOUTHAFRICA,M,,Y
1998.0,UNPROVOKED,USA,M,,N
1998.0,UNPROVOKED,SOUTHAFRICA,M,,N
1998.0,UNPROVOKED,SOUTHAFRICA,M,,N
1998.0,UNPROVOKED,SOUTHAFRICA,M,,N
1998.0,UNPROVOKED,USA,M,,N
1998.0,UNPROVOKED,USA,F,,N
1998.0,UNPROVOKED,USA,M,,N
1998.0,UNPROVOKED,SOUTHAFRICA,M,,N
1998.0,UNPROVOKED,MOZAMBIQUE,F,,Y
1998.0,UNPROVOKED,USA,M,,N
1998.0,PROVOKED,USA,M,,N
1998.0,UNPROVOKED,USA,M,,N
1998.0,UNPROVOKED,SOUTHAFRICA,M,,N
1998.0,UNPROVOKED,USA,M,,N
1998.0,INVALID,AUSTRALIA,M,,Y
1998.0,UNPROVOKED,SOUTHAFRICA,M,,N
1998.0,UNPROVOKED,MOZAMBIQUE,M,,N
1998.0,UNPROVOKED,SOUTHAFRICA,M,,Y
1997.0,UNPROVOKED,SOUTHAFRICA,M,,Y
1997.0,INVALID,USA,F,,N
1997.0,UNPROVOKED,USA,M,,N
1997.0,UNPROVOKED,AUSTRALIA,M,,N
1997.0,UNPROVOKED,USA,M,,N
1997.0,INVALID,AUSTRALIA,M,,Y
1997.0,UNPROVOKED,AUSTRALIA,M,,N
1997.0,UNPROVOKED,USA,M,,N
1997.0,UNPROVOKED,USA,M,,N
1997.0,UNPROVOKED,USA,M,,N
1997.0,UNPROVOKED,USA,F,,N
1997.0,UNPROVOKED,BRAZIL,M,,Y
1997.0,UNPROVOKED,USA,M,,N
1997.0,UNPROVOKED,USA,M,,N
1997.0,UNPROVOKED,USA,M,,N
1997.0,UNPROVOKED,USA,M,,N
1997.0,UNPROVOKED,USA,M,,N
1997.0,INVALID,MEXICO,M,,Y
1997.0,UNPROVOKED,MEXICO,M,,Y
1997.0,UNPROVOKED,USA,F,,N
1997.0,UNPROVOKED,EGYPT,M,,N
1997.0,UNPROVOKED,EGYPT,M,,Y
1997.0,UNPROVOKED,USA,M,,N
1997.0,UNPROVOKED,USA,F,,N
1997.0,UNPROVOKED,USA,M,,N
1997.0,UNPROVOKED,USA,M,,N
1997.0,UNPROVOKED,AUSTRALIA,M,,N
1997.0,UNPROVOKED,SOUTHAFRICA,M,,Y
1997.0,UNPROVOKED,USA,M,,N
1997.0,UNPROVOKED,OKINAWA,M,,Y
1997.0,UNPROVOKED,FIJI,F,,N
1997.0,UNPROVOKED,USA,M,,N
1997.0,UNPROVOKED,USA,M,,N
1997.0,UNPROVOKED,USA,M,,N
1997.0,UNPROVOKED,USA,M,,N
1997.0,UNPROVOKED,USA,M,,N
1997.0,UNPROVOKED,BAHAMAS,M,,N
1997.0,UNPROVOKED,BRAZIL,M,,N
1997.0,UNPROVOKED,AUSTRALIA,F,,N
1997.0,UNPROVOKED,AUSTRALIA,M,,N
1997.0,BOAT,AUSTRALIA,F,,N
1997.0,UNPROVOKED,AUSTRALIA,M,,N
1997.0,UNPROVOKED,AUSTRALIA,M,,Y
1996.0,UNPROVOKED,AUSTRALIA,M,,UNKNOWN
1996.0,UNPROVOKED,USA,M,,N
1996.0,UNPROVOKED,USA,M,,N
1996.0,UNPROVOKED,USA,M,,N
1996.0,UNPROVOKED,USA,M,,N
1996.0,UNPROVOKED,USA,M,,N
1996.0,UNPROVOKED,USA,M,,N
1996.0,UNPROVOKED,NEWZEALAND,M,,N
1996.0,UNPROVOKED,USA,M,,N
1996.0,UNPROVOKED,USA,M,,N
1996.0,UNPROVOKED,USA,M,,N
1996.0,INVALID,USA,F,,N
1996.0,PROVOKED,SOUTHAFRICA,M,,N
1996.0,UNPROVOKED,USA,M,,N
1996.0,UNPROVOKED,USA,M,,N
1996.0,UNPROVOKED,USA,M,,N
1996.0,UNPROVOKED,USA,F,,N
1996.0,UNPROVOKED,OKINAWA,M,,Y
1996.0,UNPROVOKED,USA,M,,N
1996.0,UNPROVOKED,USA,M,,N
1996.0,UNPROVOKED,USA,M,,N
1996.0,UNPROVOKED,USA,F,,N
1996.0,UNPROVOKED,BAHAMAS,M,,N
1996.0,UNPROVOKED,USA,F,,N
1996.0,UNPROVOKED,SOUTHAFRICA,M,,N
1996.0,INVALID,AUSTRALIA,M,,Y
1996.0,UNPROVOKED,USA,M,,N
1996.0,UNPROVOKED,SOUTHKOREA,M,,Y
1996.0,UNPROVOKED,USA,M,,N
1996.0,UNPROVOKED,AUSTRALIA,M,,N
1996.0,UNPROVOKED,AUSTRALIA,F,,N
1996.0,UNPROVOKED,AUSTRALIA,F,,N
1996.0,UNPROVOKED,AUSTRALIA,M,,N
1996.0,UNPROVOKED,AUSTRALIA,M,,N
1996.0,PROVOKED,USA,F,,N
1996.0,UNPROVOKED,AUSTRALIA,M,,N
1996.0,PROVOKED,USA,M,,N
1996.0,UNPROVOKED,AUSTRALIA,F,,N
1996.0,UNPROVOKED,USA,M,,N
1996.0,UNPROVOKED,REUNION,M,,Y
1995.0,UNPROVOKED,NEWZEALAND,M,,N
1995.0,UNPROVOKED,USA,M,,N
1995.0,UNPROVOKED,USA,M,,N
1995.0,UNPROVOKED,AUSTRALIA,F,,N
1995.0,UNPROVOKED,USA,M,,N
1995.0,UNPROVOKED,USA,M,,N
1995.0,UNPROVOKED,USA,M,,N
1995.0,UNPROVOKED,USA,M,,N
1995.0,UNPROVOKED,USA,M,,N
1995.0,UNPROVOKED,USA,F,,N
1995.0,UNPROVOKED,USA,M,,Y
1995.0,UNPROVOKED,AUSTRALIA,M,,Y
1995.0,UNPROVOKED,USA,M,,N
1995.0,INVALID,USA,M,,N
1995.0,UNPROVOKED,USA,M,,N
1995.0,UNPROVOKED,USA,M,,N
1995.0,UNPROVOKED,USA,M,,N
1995.0,UNPROVOKED,USA,M,,N
1995.0,UNPROVOKED,USA,M,,N
1995.0,UNPROVOKED,USA,M,,N
1995.0,UNPROVOKED,USA,M,,N
1995.0,UNPROVOKED,TONGA,M,,N
1995.0,UNPROVOKED,USA,M,,N
1995.0,INVALID,USA,M,,Y
1995.0,UNPROVOKED,USA,M,,N
1995.0,UNPROVOKED,USA,F,,N
1995.0,UNPROVOKED,USA,M,,N
1995.0,UNPROVOKED,USA,M,,N
1995.0,UNPROVOKED,USA,M,,N
1995.0,UNPROVOKED,USA,M,,N
1995.0,UNPROVOKED,USA,F,,N
1995.0,UNPROVOKED,USA,M,,N
1995.0,UNPROVOKED,BRAZIL,M,,Y
1984.0,UNPROVOKED,SOUTHAFRICA,M,,N
1995.0,UNPROVOKED,USA,M,,N
1995.0,PROVOKED,USA,F,,N
1995.0,UNPROVOKED,USA,M,,N
1995.0,UNPROVOKED,USA,M,,N
1995.0,UNPROVOKED,USA,M,,N
1995.0,UNPROVOKED,USA,F,,N
1995.0,UNPROVOKED,USA,M,,N
1995.0,UNPROVOKED,HONGKONG,F,,Y
1995.0,UNPROVOKED,HONGKONG,M,,Y
1995.0,UNPROVOKED,USA,M,,N
1995.0,UNPROVOKED,FIJI,M,,Y
1995.0,UNPROVOKED,SOUTHKOREA,F,,Y
1995.0,INVALID,USA,M,,N
1995.0,UNPROVOKED,USA,M,,N
1995.0,UNPROVOKED,JAPAN,M,,Y
1995.0,UNPROVOKED,AUSTRALIA,M,,N
1995.0,UNPROVOKED,SOUTHAFRICA,M,,N
1995.0,UNPROVOKED,SOUTHAFRICA,M,,Y
1995.0,UNPROVOKED,BRAZIL,M,,N
1995.0,INVALID,SOUTHAFRICA,M,,N
1994.0,UNPROVOKED,SOUTHAFRICA,M,,N
1994.0,INVALID,AUSTRALIA,M,,N
1994.0,UNPROVOKED,USA,M,,Y
1994.0,UNPROVOKED,USA,F,,N
1994.0,PROVOKED,USA,F,,N
1994.0,UNPROVOKED,USA,M,,N
1994.0,UNPROVOKED,USA,F,,N
1994.0,UNPROVOKED,USA,M,,N
1994.0,SEADISASTER,USA,M,,Y
1994.0,UNPROVOKED,USA,F,,N
1994.0,UNPROVOKED,BRAZIL,M,,N
1994.0,UNPROVOKED,REUNION,M,,Y
1994.0,UNPROVOKED,SOUTHAFRICA,M,,Y
1994.0,UNPROVOKED,SOUTHAFRICA,M,,N
1994.0,UNPROVOKED,USA,M,,N
1994.0,UNPROVOKED,BAHAMAS,M,,N
1994.0,UNPROVOKED,USA,M,,N
1994.0,UNPROVOKED,USA,M,,N
1994.0,UNPROVOKED,USA,M,,N
1994.0,UNPROVOKED,USA,F,,N
1994.0,UNPROVOKED,USA,M,,N
1994.0,UNPROVOKED,USA,M,,N
1994.0,INVALID,USA,F,,Y
1994.0,UNPROVOKED,BAHAMAS,M,,N
1994.0,UNPROVOKED,USA,M,,N
1994.0,UNPROVOKED,CHILE,F,,N
1994.0,PROVOKED,USA,M,,N
1994.0,UNPROVOKED,BRAZIL,M,,N
1994.0,UNPROVOKED,USA,M,,N
1994.0,UNPROVOKED,SOUTHAFRICA,M,,N
1994.0,UNPROVOKED,SOUTHAFRICA,M,,N
1994.0,UNPROVOKED,AUSTRALIA,M,,N
1994.0,UNPROVOKED,SOUTHAFRICA,M,,N
1993.0,UNPROVOKED,USA,M,,N
1993.0,UNPROVOKED,AUSTRALIA,M,,Y
1993.0,UNPROVOKED,USA,M,,N
1993.0,UNPROVOKED,USA,F,,N
1993.0,BOAT,USA,F,,N
1993.0,UNPROVOKED,SOMALIA,M,,Y
1993.0,UNPROVOKED,SOUTHAFRICA,M,,N
1993.0,UNPROVOKED,ELSALVADOR,M,,Y
1993.0,UNPROVOKED,USA,M,,N
1993.0,UNPROVOKED,USA,M,,N
1993.0,UNPROVOKED,SPAIN,M,,N
1993.0,UNPROVOKED,BAHAMAS,M,,N
1993.0,UNPROVOKED,USA,F,,N
1993.0,UNPROVOKED,USA,M,,N
1993.0,UNPROVOKED,SOUTHAFRICA,M,,N
1993.0,UNPROVOKED,USA,F,,N
1993.0,UNPROVOKED,REUNION,M,,N
1993.0,UNPROVOKED,HONGKONG,M,,Y
1993.0,UNPROVOKED,MEXICO,F,,Y
1993.0,UNPROVOKED,USA,M,,N
1993.0,UNPROVOKED,AUSTRALIA,M,,Y
1993.0,UNPROVOKED,AUSTRALIA,F,,Y
1993.0,UNPROVOKED,HONGKONG,M,,Y
1993.0,UNPROVOKED,USA,F,S,N
1993.0,INVALID,AUSTRALIA,M,,N
1993.0,UNPROVOKED,USA,M,,N
1993.0,UNPROVOKED,USA,M,,N
1993.0,UNPROVOKED,USA,M,,N
1993.0,PROVOKED,AUSTRALIA,M,,N
1993.0,UNPROVOKED,BRAZIL,M,,N
1993.0,UNPROVOKED,AUSTRALIA,M,,N
1993.0,BOAT,CARIBBEANSEA,M,,N
1993.0,UNPROVOKED,USA,M,,N
1992.0,UNPROVOKED,USA,M,,N
1992.0,UNPROVOKED,USA,M,,N
1992.0,UNPROVOKED,USA,M,,N
1992.0,UNPROVOKED,USA,M,,N
1992.0,UNPROVOKED,USA,M,,N
1992.0,BOAT,USA,M,,N
1992.0,UNPROVOKED,FIJI,M,,N
1992.0,UNPROVOKED,USA,M,,N
1992.0,UNPROVOKED,USA,M,,N
1992.0,UNPROVOKED,USA,M,,Y
1992.0,UNPROVOKED,USA,M,,N
1992.0,UNPROVOKED,USA,M,,N
1992.0,UNPROVOKED,AUSTRALIA,M,,Y
1992.0,UNPROVOKED,USA,M,,N
1992.0,UNPROVOKED,USA,F,,N
1992.0,UNPROVOKED,BAHAMAS,F,,N
1992.0,UNPROVOKED,AUSTRALIA,M,,N
1992.0,UNPROVOKED,USA,M,,N
1992.0,PROVOKED,USA,M,,N
1992.0,UNPROVOKED,USA,F,,N
1992.0,UNPROVOKED,REUNION,M,,Y
1992.0,UNPROVOKED,VANUATU,F,,N
1992.0,INVALID,USA,M,,Y
1992.0,UNPROVOKED,SOUTHAFRICA,M,,N
1992.0,UNPROVOKED,USA,F,,N
1992.0,UNPROVOKED,AUSTRALIA,M,,N
1992.0,UNPROVOKED,JAPAN,M,,Y
1992.0,UNPROVOKED,USA,M,,N
1992.0,INVALID,AUSTRALIA,M,,N
1992.0,UNPROVOKED,AUSTRALIA,M,,N
1992.0,UNPROVOKED,SOUTHAFRICA,M,,N
1992.0,UNPROVOKED,SOUTHAFRICA,M,,N
1992.0,UNPROVOKED,FIJI,M,,Y
1991.0,UNPROVOKED,USA,M,,N
1991.0,UNPROVOKED,USA,F,,Y
1991.0,UNPROVOKED,AUSTRALIA,M,,N
1991.0,UNPROVOKED,USA,M,,N
1991.0,UNPROVOKED,USA,M,,N
1991.0,INVALID,BAHAMAS,M,,Y
1991.0,UNPROVOKED,AUSTRALIA,M,,Y
1991.0,PROVOKED,AUSTRALIA,M,,N
1991.0,UNPROVOKED,USA,M,,N
1991.0,UNPROVOKED,USA,F,,N
1991.0,BOAT,ITALY,F,,N
1991.0,UNPROVOKED,USA,M,,N
1991.0,UNPROVOKED,USA,M,,N
1991.0,UNPROVOKED,USA,M,,N
1991.0,UNPROVOKED,REUNION,M,,N
1991.0,UNPROVOKED,USA,M,,N
1991.0,UNPROVOKED,USA,M,,N
1991.0,UNPROVOKED,HONGKONG,M,,Y
1991.0,UNPROVOKED,USA,M,,N
1991.0,UNPROVOKED,USA,M,,N
1991.0,UNPROVOKED,HONGKONG,F,,Y
1991.0,UNPROVOKED,USA,M,,N
1991.0,UNPROVOKED,USA,M,,N
1991.0,UNPROVOKED,AUSTRALIA,M,,N
1991.0,UNPROVOKED,USA,M,,N
1991.0,UNPROVOKED,SOUTHAFRICA,M,,N
1991.0,UNPROVOKED,AUSTRALIA,M,,N
1991.0,UNPROVOKED,AUSTRALIA,M,,N
1990.0,UNPROVOKED,AUSTRALIA,M,,N
1990.0,UNPROVOKED,USA,M,,N
1990.0,UNPROVOKED,USA,M,,N
1990.0,UNPROVOKED,USA,M,,N
1990.0,UNPROVOKED,AUSTRALIA,M,,N
1990.0,UNPROVOKED,USA,M,,N
1990.0,UNPROVOKED,USA,M,,N
1990.0,UNPROVOKED,USA,M,,N
1990.0,UNPROVOKED,SOUTHAFRICA,M,,N
1990.0,UNPROVOKED,USA,M,,N
1990.0,BOAT,USA,M,,N
1990.0,INVALID,USA,M,,Y
1990.0,UNPROVOKED,USA,M,,N
1990.0,UNPROVOKED,USA,M,,N
1990.0,UNPROVOKED,USA,F,,N
1990.0,UNPROVOKED,USA,M,,N
1990.0,UNPROVOKED,SOUTHAFRICA,F,,Y
1990.0,UNPROVOKED,BAHAMAS,M,,N
1990.0,UNPROVOKED,AUSTRALIA,F,S,N
1990.0,UNPROVOKED,AUSTRALIA,M,S,N
1990.0,UNPROVOKED,SOUTHAFRICA,M,,N
1990.0,UNPROVOKED,SOUTHAFRICA,M,,N
1990.0,UNPROVOKED,AUSTRALIA,M,,N
1990.0,UNPROVOKED,AUSTRALIA,M,,Y
1990.0,UNPROVOKED,AUSTRALIA,M,,N
1990.0,UNPROVOKED,FIJI,M,,N
1990.0,UNPROVOKED,USA,M,,N
1990.0,UNPROVOKED,USA,M,,UNKNOWN
1989.0,UNPROVOKED,AUSTRALIA,M,,UNKNOWN
1989.0,INVALID,AUSTRALIA,M,,Y
1989.0,UNPROVOKED,AUSTRALIA,M,,N
1989.0,UNPROVOKED,SOUTHAFRICA,M,,Y
1989.0,UNPROVOKED,AUSTRALIA,M,,N
1989.0,UNPROVOKED,AUSTRALIA,F,,N
1989.0,UNPROVOKED,AUSTRALIA,M,,N
1989.0,UNPROVOKED,USA,M,,N
1989.0,INVALID,USA,M,,Y
1989.0,UNPROVOKED,SOUTHAFRICA,M,,N
1989.0,PROVOKED,USA,M,,N
1989.0,UNPROVOKED,USA,M,,N
1989.0,UNPROVOKED,USA,M,,N
1989.0,PROVOKED,USA,M,,N
1989.0,PROVOKED,AUSTRALIA,M,,N
1989.0,UNPROVOKED,USA,M,,N
1989.0,UNPROVOKED,SOUTHAFRICA,M,,N
1989.0,UNPROVOKED,AUSTRALIA,M,,N
1989.0,UNPROVOKED,BAHAMAS,F,,N
1989.0,PROVOKED,AUSTRALIA,M,,N
1989.0,UNPROVOKED,SOUTHAFRICA,M,,N
1989.0,UNPROVOKED,USA,M,,N
1989.0,UNPROVOKED,USA,F,,N
1989.0,UNPROVOKED,USA,M,,N
1989.0,UNPROVOKED,SOUTHAFRICA,M,,N
1989.0,UNPROVOKED,SOUTHAFRICA,M,,N
1989.0,UNPROVOKED,USA,M,,N
1989.0,UNPROVOKED,AUSTRALIA,M,,Y
1989.0,UNPROVOKED,SOUTHAFRICA,M,,N
1989.0,UNPROVOKED,ITALY,M,,Y
1989.0,INVALID,USA,M,,Y
1989.0,UNPROVOKED,USA,F,,Y
1989.0,UNPROVOKED,USA,M,,N
1989.0,UNPROVOKED,SOUTHAFRICA,M,,N
1989.0,UNPROVOKED,AUSTRALIA,M,,N
1988.0,SEADISASTER,AUSTRALIA,M,,Y
1988.0,SEADISASTER,AUSTRALIA,M,,Y
1988.0,UNPROVOKED,USA,M,,N
1988.0,UNPROVOKED,AUSTRALIA,M,,N
1988.0,UNPROVOKED,USA,M,,N
1988.0,UNPROVOKED,USA,M,,N
1988.0,UNPROVOKED,USA,M,,N
1988.0,UNPROVOKED,AUSTRALIA,M,,N
1988.0,UNPROVOKED,USA,F,,N
1988.0,UNPROVOKED,USA,M,,N
1988.0,UNPROVOKED,USA,M,,Y
1988.0,UNPROVOKED,ITALY,M,,N
1988.0,UNPROVOKED,USA,M,,N
1988.0,UNPROVOKED,BAHAMAS,M,,N
1988.0,UNPROVOKED,BAHAMAS,M,,N
1988.0,UNPROVOKED,USA,F,,N
1988.0,UNPROVOKED,USA,M,,N
1988.0,UNPROVOKED,SOUTHAFRICA,M,,N
1988.0,UNPROVOKED,USA,M,,N
1988.0,UNPROVOKED,USA,M,,N
1988.0,UNPROVOKED,USA,M,,N
1988.0,UNPROVOKED,USA,M,,N
1988.0,UNPROVOKED,SOUTHKOREA,F,,Y
1988.0,UNPROVOKED,USA,M,,N
1988.0,UNPROVOKED,USA,M,,N
1988.0,UNPROVOKED,USA,M,,N
1988.0,UNPROVOKED,USA,M,,N
1988.0,UNPROVOKED,USA,F,,N
1988.0,UNPROVOKED,SOUTHAFRICA,M,,N
1988.0,UNPROVOKED,SOUTHAFRICA,M,,N
1988.0,UNPROVOKED,SOUTHAFRICA,F,,N
1988.0,UNPROVOKED,FIJI,M,,N
1988.0,INVALID,SOUTHAFRICA,M,,N
1988.0,PROVOKED,SOUTHAFRICA,M,,N
1988.0,UNPROVOKED,AUSTRALIA,M,,N
1987.0,UNPROVOKED,USA,M,,N
1987.0,INVALID,AUSTRALIA,F,TO,Y
1987.0,UNPROVOKED,USA,M,,N
1987.0,UNPROVOKED,USA,M,,N
1987.0,INVALID,SOUTHAFRICA,M,,N
1987.0,UNPROVOKED,SOUTHAFRICA,M,,N
1987.0,UNPROVOKED,AUSTRALIA,M,,Y
1987.0,UNPROVOKED,SOUTHAFRICA,M,,N
1987.0,UNPROVOKED,USA,M,,N
1987.0,UNPROVOKED,USA,M,,N
1987.0,UNPROVOKED,USA,M,,N
1987.0,UNPROVOKED,USA,F,,N
1987.0,UNPROVOKED,USA,F,,N
1987.0,UNPROVOKED,BAHAMAS,M,,N
1987.0,UNPROVOKED,USA,M,,N
1987.0,PROVOKED,AUSTRALIA,M,,N
1987.0,UNPROVOKED,USA,F,,N
1987.0,UNPROVOKED,VANUATU,M,,Y
1987.0,UNPROVOKED,AUSTRALIA,M,,N
1987.0,UNPROVOKED,SOUTHAFRICA,M,,N
1987.0,UNPROVOKED,AUSTRALIA,M,,N
1986.0,UNPROVOKED,SOUTHAFRICA,M,,Y
1986.0,UNPROVOKED,USA,M,,N
1986.0,UNPROVOKED,BAHAMAS,M,,N
1986.0,UNPROVOKED,USA,M,,N
1986.0,INVALID,SOUTHAFRICA,M,,N
1986.0,UNPROVOKED,USA,M,,N
1986.0,UNPROVOKED,USA,M,,N
1986.0,UNPROVOKED,USA,M,,N
1986.0,UNPROVOKED,USA,F,,N
1986.0,UNPROVOKED,SOUTHAFRICA,M,,N
1986.0,UNPROVOKED,USA,M,,N
1986.0,INVALID,SOUTHAFRICA,M,,N
1986.0,UNPROVOKED,USA,M,,N
1986.0,UNPROVOKED,SOUTHAFRICA,M,,N
1986.0,UNPROVOKED,SOUTHAFRICA,M,,N
1986.0,UNPROVOKED,SOUTHAFRICA,M,,N
1986.0,UNPROVOKED,SOUTHAFRICA,M,,N
1986.0,UNPROVOKED,SOUTHAFRICA,M,,N
1986.0,UNPROVOKED,SOUTHAFRICA,M,,N
1986.0,UNPROVOKED,AUSTRALIA,M,,N
1986.0,UNPROVOKED,USA,M,,N
1986.0,UNPROVOKED,USA,M,,N
1985.0,PROVOKED,USA,M,,N
1985.0,UNPROVOKED,SOUTHAFRICA,M,,N
1985.0,UNPROVOKED,USA,M,,N
1985.0,UNPROVOKED,USA,M,,N
1985.0,UNPROVOKED,USA,M,,N
1985.0,INVALID,SOUTHAFRICA,M,,Y
1985.0,INVALID,USA,M,,N
1985.0,UNPROVOKED,USA,M,,N
1985.0,INVALID,USA,M,,N
1985.0,INVALID,USA,M,,Y
1985.0,UNPROVOKED,USA,F,,N
1985.0,UNPROVOKED,USA,M,,N
1985.0,UNPROVOKED,USA,F,,N
1985.0,UNPROVOKED,ITALY,M,,N
1985.0,PROVOKED,SOUTHAFRICA,M,,N
1985.0,UNPROVOKED,USA,M,,N
1985.0,UNPROVOKED,AUSTRALIA,F,,Y
1985.0,UNPROVOKED,USA,M,,N
1985.0,UNPROVOKED,USA,M,,N
1985.0,UNPROVOKED,SOUTHAFRICA,M,,N
1985.0,UNPROVOKED,SOUTHAFRICA,M,,N
1985.0,UNPROVOKED,SOUTHAFRICA,M,,N
1985.0,PROVOKED,SOUTHAFRICA,M,,N
1984.0,UNPROVOKED,AUSTRALIA,M,,Y
1984.0,UNPROVOKED,USA,M,,N
1984.0,PROVOKED,USA,M,,N
1984.0,INVALID,USA,M,,Y
1984.0,UNPROVOKED,USA,F,,N
1984.0,INVALID,USA,F,,N
1984.0,UNPROVOKED,USA,M,,N
1984.0,UNPROVOKED,USA,M,,N
1984.0,UNPROVOKED,USA,M,,N
1984.0,UNPROVOKED,USA,M,ELDERLY,N
1984.0,UNPROVOKED,USA,M,,N
1984.0,UNPROVOKED,USA,M,,Y
1984.0,INVALID,USA,F,,Y
1984.0,UNPROVOKED,USA,F,,N
1984.0,UNPROVOKED,USA,F,,N
1984.0,INVALID,SOUTHAFRICA,M,,Y
1984.0,UNPROVOKED,USA,M,,N
1984.0,UNPROVOKED,SOUTHAFRICA,M,,N
1984.0,UNPROVOKED,USA,F,,N
1984.0,UNPROVOKED,VANUATU,M,S,Y
1984.0,UNPROVOKED,SOUTHAFRICA,M,,N
1984.0,PROVOKED,SOUTHAFRICA,M,,N
1984.0,UNPROVOKED,AUSTRALIA,M,,N
1984.0,UNPROVOKED,SOUTHAFRICA,M,,N
1984.0,UNPROVOKED,SOUTHAFRICA,F,,Y
1983.0,INVALID,GREECE,M,,Y
1983.0,UNPROVOKED,USA,M,,N
1983.0,UNPROVOKED,AUSTRALIA,M,,N
1983.0,UNPROVOKED,SOUTHAFRICA,M,,N
1983.0,UNPROVOKED,SOUTHAFRICA,M,,N
1983.0,UNPROVOKED,USA,M,,N
1983.0,UNPROVOKED,USA,M,,N
1983.0,UNPROVOKED,USA,M,,N
1983.0,UNPROVOKED,USA,M,,N
1983.0,UNPROVOKED,SOUTHAFRICA,M,,N
1983.0,UNPROVOKED,USA,F,,N
1983.0,PROVOKED,USA,M,,N
1983.0,UNPROVOKED,USA,F,,N
1983.0,SEADISASTER,AUSTRALIA,F,,Y
1983.0,SEADISASTER,AUSTRALIA,M,,Y
1983.0,SEADISASTER,AUSTRALIA,M,,N
1983.0,UNPROVOKED,USA,F,,N
1983.0,UNPROVOKED,BAHAMAS,M,,N
1983.0,UNPROVOKED,USA,M,,N
1983.0,UNPROVOKED,BAHAMAS,M,,Y
1983.0,UNPROVOKED,USA,M,,N
1983.0,UNPROVOKED,BAHAMAS,M,,N
1983.0,UNPROVOKED,USA,M,,N
1983.0,UNPROVOKED,USA,M,,N
1983.0,UNPROVOKED,USA,M,,N
1983.0,UNPROVOKED,SOUTHAFRICA,M,,N
1983.0,UNPROVOKED,USA,M,,N
1983.0,UNPROVOKED,SOUTHAFRICA,M,,N
1983.0,UNPROVOKED,SOUTHAFRICA,M,,N
1983.0,PROVOKED,USA,M,,N
1983.0,UNPROVOKED,SOUTHAFRICA,M,,N
1983.0,UNPROVOKED,SOUTHAFRICA,M,,N
1982.0,UNPROVOKED,USA,M,,N
1982.0,UNPROVOKED,SOUTHAFRICA,M,,N
1982.0,UNPROVOKED,SOUTHAFRICA,M,,N
1982.0,UNPROVOKED,USA,M,,N
1982.0,UNPROVOKED,USA,M,,N
1982.0,UNPROVOKED,USA,M,,N
1982.0,INVALID,USA,M,MIDS,Y
1982.0,INVALID,USA,M,,N
1982.0,UNPROVOKED,SOUTHAFRICA,F,,N
1982.0,INVALID,SOUTHAFRICA,M,,N
1982.0,UNPROVOKED,SOUTHAFRICA,M,,N
1982.0,UNPROVOKED,USA,M,,N
1982.0,UNPROVOKED,USA,M,,N
1982.0,INVALID,USA,M,,N
1982.0,UNPROVOKED,USA,F,,N
1982.0,UNPROVOKED,SOUTHAFRICA,M,,Y
1982.0,UNPROVOKED,USA,M,,N
1982.0,UNPROVOKED,BAHAMAS,M,,N
1982.0,UNPROVOKED,USA,F,,N
1982.0,INVALID,USA,F,CA,Y
1982.0,UNPROVOKED,USA,M,,N
1982.0,UNPROVOKED,AUSTRALIA,M,,Y
1982.0,UNPROVOKED,AUSTRALIA,M,,Y
1982.0,UNPROVOKED,USA,M,,N
1982.0,UNPROVOKED,USA,F,,Y
1982.0,UNPROVOKED,USA,M,,Y
1982.0,UNPROVOKED,SOUTHAFRICA,M,,N
1981.0,UNPROVOKED,USA,M,,Y
1981.0,UNPROVOKED,USA,M,,N
1981.0,UNPROVOKED,USA,M,,N
1981.0,UNPROVOKED,USA,M,,N
1981.0,UNPROVOKED,USA,M,,N
1981.0,UNPROVOKED,USA,M,,N
1981.0,UNPROVOKED,USA,M,,Y
1981.0,UNPROVOKED,USA,M,,N
1981.0,UNPROVOKED,USA,M,,N
1981.0,UNPROVOKED,USA,M,,N
1981.0,PROVOKED,USA,M,,N
1981.0,UNPROVOKED,USA,F,,Y
1981.0,UNPROVOKED,BAHAMAS,M,,N
1981.0,UNPROVOKED,USA,F,,N
1981.0,UNPROVOKED,SOUTHAFRICA,M,,N
1981.0,UNPROVOKED,SOUTHKOREA,F,,Y
1981.0,UNPROVOKED,SOUTHAFRICA,M,,N
1981.0,UNPROVOKED,USA,M,,N
1981.0,UNPROVOKED,SOUTHAFRICA,M,,N
1981.0,UNPROVOKED,SOUTHAFRICA,M,,N
1981.0,UNPROVOKED,USA,M,,N
1981.0,UNPROVOKED,USA,M,,N
1981.0,UNPROVOKED,SOUTHAFRICA,M,,N
1981.0,UNPROVOKED,USA,M,,N
1981.0,UNPROVOKED,USA,M,,N
1981.0,INVALID,SOUTHAFRICA,M,,Y
1981.0,UNPROVOKED,AUSTRALIA,M,,N
1980.0,UNPROVOKED,SOUTHAFRICA,M,,N
1980.0,UNPROVOKED,REUNION,M,,N
1980.0,UNPROVOKED,BRAZIL,M,,Y
1980.0,UNPROVOKED,USA,M,,N
1980.0,UNPROVOKED,USA,M,,N
1980.0,UNPROVOKED,MEXICO,M,,Y
1980.0,UNPROVOKED,USA,F,,N
1980.0,UNPROVOKED,USA,M,,N
1980.0,UNPROVOKED,USA,F,,N
1980.0,PROVOKED,USA,F,,N
1980.0,UNPROVOKED,SOUTHAFRICA,M,,N
1980.0,UNPROVOKED,MEXICO,F,,N
1980.0,UNPROVOKED,SOUTHAFRICA,M,,Y
1980.0,PROVOKED,SOUTHAFRICA,M,,N
1980.0,UNPROVOKED,SOUTHAFRICA,M,,N
1980.0,UNPROVOKED,KENYA,M,,N
1980.0,PROVOKED,SOUTHAFRICA,M,,N
1980.0,UNPROVOKED,SOUTHAFRICA,M,,N
1980.0,PROVOKED,NORTHATLANTICOCEAN,M,,N
1980.0,INVALID,SOUTHAFRICA,M,,N
1980.0,UNPROVOKED,TONGA,M,S,N
1979.0,UNPROVOKED,SOUTHAFRICA,M,,N
1979.0,INVALID,PORTUGAL,M,,Y
1979.0,UNPROVOKED,SOUTHCHINASEA,M,,N
1979.0,UNPROVOKED,USA,M,,N
1979.0,UNPROVOKED,AUSTRALIA,M,,N
1979.0,UNPROVOKED,HONGKONG,M,,Y
1979.0,UNPROVOKED,HONGKONG,M,,Y
1979.0,UNPROVOKED,USA,M,,N
1979.0,SEADISASTER,USA,M,,N
1979.0,INVALID,USA,M,,Y
1979.0,PROVOKED,SOUTHAFRICA,M,,N
1979.0,UNPROVOKED,USA,M,,N
1979.0,UNPROVOKED,USA,M,,N
1979.0,UNPROVOKED,USA,M,,N
1979.0,UNPROVOKED,SOUTHAFRICA,M,,N
1978.0,UNPROVOKED,AUSTRALIA,M,,N
1978.0,UNPROVOKED,SOUTHAFRICA,M,,Y
1978.0,UNPROVOKED,USA,M,,N
1978.0,UNPROVOKED,SOUTHAFRICA,M,,N
1978.0,UNPROVOKED,AUSTRALIA,M,,N
1978.0,UNPROVOKED,USA,M,,N
1978.0,SEADISASTER,USA,M,,N
1978.0,PROVOKED,USA,M,,N
1978.0,UNPROVOKED,USA,M,,N
1978.0,UNPROVOKED,USA,M,,N
1978.0,UNPROVOKED,MARSHALLISLANDS,M,,N
1978.0,UNPROVOKED,MARSHALLISLANDS,M,,N
1978.0,UNPROVOKED,SOUTHAFRICA,M,,N
1977.0,SEADISASTER,USA,M,,N
1977.0,UNPROVOKED,USA,M,,N
1977.0,UNPROVOKED,SOUTHAFRICA,M,,N
1977.0,UNPROVOKED,SOUTHAFRICA,M,,N
1977.0,UNPROVOKED,AUSTRALIA,M,,N
1977.0,UNPROVOKED,AUSTRALIA,M,,Y
1977.0,UNPROVOKED,USA,M,,N
1977.0,INVALID,USA,M,,N
1977.0,SEADISASTER,USA,M,,N
1977.0,PROVOKED,USA,M,,N
1977.0,UNPROVOKED,USA,M,,N
1977.0,UNPROVOKED,SOUTHAFRICA,M,,N
1977.0,SEADISASTER,AUSTRALIA,M,,N
1977.0,SEADISASTER,AUSTRALIA,M,,Y
1977.0,SEADISASTER,AUSTRALIA,M,,Y
1977.0,UNPROVOKED,AUSTRALIA,M,,N
1976.0,UNPROVOKED,USA,M,,N
1976.0,UNPROVOKED,SOUTHAFRICA,M,,N
1976.0,UNPROVOKED,USA,M,,N
1976.0,INVALID,SOUTHAFRICA,M,,N
1976.0,UNPROVOKED,USA,M,,N
1976.0,UNPROVOKED,SOUTHAFRICA,M,,N
1976.0,UNPROVOKED,AUSTRALIA,M,,N
1976.0,UNPROVOKED,USA,M,,Y
1976.0,UNPROVOKED,USA,M,,N
1976.0,UNPROVOKED,USA,M,,N
1976.0,UNPROVOKED,USA,M,,N
1976.0,UNPROVOKED,USA,M,,N
1976.0,UNPROVOKED,USA,M,,N
1976.0,UNPROVOKED,USA,M,,Y
1976.0,UNPROVOKED,USA,M,,N
1976.0,UNPROVOKED,USA,M,,N
1976.0,PROVOKED,ITALY,M,,N
1976.0,UNPROVOKED,USA,M,OR,N
1976.0,UNPROVOKED,USA,M,,N
1975.0,UNPROVOKED,USA,M,,N
1975.0,PROVOKED,AUSTRALIA,M,,N
1975.0,UNPROVOKED,AUSTRALIA,M,,N
1975.0,UNPROVOKED,SOUTHAFRICA,M,,N
1975.0,UNPROVOKED,USA,M,,N
1975.0,UNPROVOKED,AUSTRALIA,M,,N
1975.0,UNPROVOKED,SOUTHAFRICA,M,,N
1975.0,UNPROVOKED,SOUTHAFRICA,M,,N
1975.0,UNPROVOKED,USA,M,,N
1975.0,UNPROVOKED,USA,M,,N
1975.0,UNPROVOKED,HONGKONG,M,,N
1975.0,SEADISASTER,USA,F,,Y
1975.0,UNPROVOKED,AUSTRALIA,M,,Y
1975.0,UNPROVOKED,USA,M,,N
1975.0,UNPROVOKED,AUSTRALIA,M,,N
1975.0,UNPROVOKED,USA,M,,N
1975.0,UNPROVOKED,USA,M,,N
1975.0,UNPROVOKED,USA,F,,N
1975.0,PROVOKED,AUSTRALIA,M,,N
1975.0,UNPROVOKED,USA,M,,N
1975.0,UNPROVOKED,USA,M,,N
1975.0,UNPROVOKED,USA,F,,N
1975.0,UNPROVOKED,USA,M,,N
1975.0,UNPROVOKED,USA,M,,N
1975.0,UNPROVOKED,USA,M,,N
1975.0,UNPROVOKED,USA,F,,N
1975.0,INVALID,ITALY,M,,N
1975.0,UNPROVOKED,USA,M,,N
1975.0,UNPROVOKED,SOUTHAFRICA,M,,N
1975.0,UNPROVOKED,AUSTRALIA,M,,Y
1975.0,UNPROVOKED,AUSTRALIA,M,,N
1975.0,PROVOKED,SOUTHAFRICA,M,,N
1975.0,UNPROVOKED,AUSTRALIA,M,,Y
1975.0,UNPROVOKED,BERMUDA,M,,N
1974.0,UNPROVOKED,USA,M,,N
1974.0,UNPROVOKED,USA,M,,N
1974.0,UNPROVOKED,USA,M,,N
1974.0,UNPROVOKED,ISRAEL,F,,N
1974.0,UNPROVOKED,USA,M,,N
1974.0,UNPROVOKED,USA,M,,N
1974.0,SEADISASTER,AUSTRALIA,M,,N
1974.0,UNPROVOKED,USA,M,,N
1974.0,UNPROVOKED,HONGKONG,M,,N
1974.0,UNPROVOKED,HONGKONG,M,,N
1974.0,UNPROVOKED,HONGKONG,M,,N
1974.0,UNPROVOKED,CROATIA,M,,Y
1974.0,UNPROVOKED,USA,M,,N
1974.0,UNPROVOKED,USA,M,,Y
1974.0,SEADISASTER,USA,M,,Y
1974.0,UNPROVOKED,USA,F,,N
1974.0,UNPROVOKED,USA,M,,N
1974.0,UNPROVOKED,SOUTHAFRICA,M,,N
1974.0,UNPROVOKED,SOUTHAFRICA,M,,N
1974.0,UNPROVOKED,USA,F,,N
1974.0,UNPROVOKED,SOUTHAFRICA,M,,N
1974.0,UNPROVOKED,SOUTHAFRICA,M,,N
1974.0,UNPROVOKED,SOUTHAFRICA,M,,N
1974.0,UNPROVOKED,SOUTHAFRICA,M,,N
1974.0,UNPROVOKED,SOUTHAFRICA,M,,N
1974.0,UNPROVOKED,AUSTRALIA,M,,Y
1974.0,UNPROVOKED,SOUTHAFRICA,M,,N
1974.0,UNPROVOKED,MOZAMBIQUE,M,,Y
1973.0,UNPROVOKED,MOZAMBIQUE,M,,N
1973.0,UNPROVOKED,MOZAMBIQUE,M,,Y
1973.0,UNPROVOKED,PHILIPPINES,M,,Y
1973.0,UNPROVOKED,MEXICO,M,S,Y
1973.0,UNPROVOKED,USA,M,,N
1973.0,UNPROVOKED,BAHAMAS,M,,N
1973.0,UNPROVOKED,HONGKONG,M,,Y
1973.0,UNPROVOKED,MEXICO,M,,Y
1973.0,UNPROVOKED,AUSTRALIA,M,,N
1973.0,UNPROVOKED,USA,M,,N
1973.0,UNPROVOKED,MEXICO,M,,Y
1973.0,UNPROVOKED,MOZAMBIQUE,M,,Y
1973.0,UNPROVOKED,SOUTHAFRICA,M,,N
1973.0,UNPROVOKED,SOUTHAFRICA,M,,N
1972.0,UNPROVOKED,SOUTHAFRICA,M,,N
1972.0,UNPROVOKED,MOZAMBIQUE,M,,N
1972.0,UNPROVOKED,MEXICO,M,,Y
1972.0,UNPROVOKED,AUSTRALIA,M,,N
1972.0,UNPROVOKED,AUSTRALIA,M,,N
1972.0,UNPROVOKED,USA,M,,N
1972.0,UNPROVOKED,NEWZEALAND,M,,N
1972.0,INVALID,MOZAMBIQUE,F,,N
1972.0,UNPROVOKED,USA,M,,N
1972.0,UNPROVOKED,AUSTRALIA,M,,N
1972.0,UNPROVOKED,USA,M,,N
1972.0,UNPROVOKED,USA,M,,N
1972.0,UNPROVOKED,FRENCHPOLYNESIA,M,,N
1972.0,UNPROVOKED,WESTERNSAMOA,M,,Y
1972.0,UNPROVOKED,MOZAMBIQUE,M,,Y
1972.0,PROVOKED,PACIFICOCEAN,M,,N
1972.0,UNPROVOKED,AUSTRALIA,M,,N
1972.0,UNPROVOKED,SOUTHAFRICA,M,,Y
1972.0,UNPROVOKED,SOUTHAFRICA,F,,N
1972.0,UNPROVOKED,MOZAMBIQUE,M,,N
1971.0,UNPROVOKED,SOUTHAFRICA,F,,N
1971.0,UNPROVOKED,AUSTRALIA,M,,Y
1971.0,UNPROVOKED,HONGKONG,M,,N
1971.0,UNPROVOKED,USA,M,,N
1971.0,UNPROVOKED,SOUTHAFRICA,M,,N
1971.0,UNPROVOKED,USA,M,,N
1971.0,UNPROVOKED,CROATIA,M,,Y
1971.0,UNPROVOKED,AUSTRALIA,M,,Y
1971.0,PROVOKED,AUSTRALIA,M,,N
1971.0,UNPROVOKED,USA,M,,N
1971.0,UNPROVOKED,SOUTHAFRICA,M,,N
1971.0,UNPROVOKED,BRITISHISLES,M,,N
1971.0,UNPROVOKED,KENYA,M,,N
1971.0,UNPROVOKED,SOUTHAFRICA,M,,Y
1971.0,UNPROVOKED,MEXICO,M,,Y
1971.0,UNPROVOKED,VENEZUELA,M,,Y
1971.0,UNPROVOKED,VENEZUELA,M,,Y
1971.0,UNPROVOKED,NEWZEALAND,M,,N
1971.0,UNPROVOKED,AUSTRALIA,M,,N
1970.0,UNPROVOKED,MOZAMBIQUE,M,,Y
1970.0,UNPROVOKED,MOZAMBIQUE,M,TO,Y
1970.0,SEADISASTER,USA,M,,N
1970.0,UNPROVOKED,MICRONESIA,M,,N
1970.0,PROVOKED,PALAU,M,,N
1970.0,UNPROVOKED,USA,M,,N
1970.0,PROVOKED,AUSTRALIA,M,,N
1970.0,PROVOKED,USA,M,,N
1970.0,PROVOKED,SOUTHAFRICA,M,,N
1970.0,UNPROVOKED,GRENADA,M,,Y
1970.0,UNPROVOKED,GRENADA,M,,Y
1970.0,UNPROVOKED,GRENADA,M,,Y
1970.0,UNPROVOKED,USA,M,,N
1970.0,UNPROVOKED,MOZAMBIQUE,M,,N
1970.0,UNPROVOKED,MOZAMBIQUE,M,,N
1970.0,UNPROVOKED,MOZAMBIQUE,M,,N
1970.0,UNPROVOKED,MOZAMBIQUE,M,,N
1970.0,UNPROVOKED,MEXICO,M,,N
1970.0,UNPROVOKED,PAPUANEWGUINEA,M,,N
1970.0,UNPROVOKED,IRAQ,F,,N
1970.0,UNPROVOKED,IRAQ,F,,N
1970.0,UNPROVOKED,IRAQ,M,,Y
1970.0,UNPROVOKED,IRAQ,M,,N
1969.0,UNPROVOKED,AUSTRALIA,M,,N
1969.0,PROVOKED,AUSTRALIA,M,,N
1969.0,UNPROVOKED,USA,M,,N
1969.0,PROVOKED,USA,M,,N
1969.0,UNPROVOKED,USA,M,,N
1969.0,UNPROVOKED,USA,M,,N
1969.0,PROVOKED,USA,M,,N
1969.0,UNPROVOKED,USA,M,,UNKNOWN
1969.0,UNPROVOKED,JAMAICA,M,,N
1969.0,UNPROVOKED,USA,M,,N
1969.0,PROVOKED,USA,M,,N
1969.0,UNPROVOKED,DOMINICANREPUBLIC,M,,UNKNOWN
1969.0,PROVOKED,USA,M,ADULT,N
1969.0,PROVOKED,AUSTRALIA,M,,N
1969.0,UNPROVOKED,USA,M,,N
1969.0,PROVOKED,AUSTRALIA,M,,N
1969.0,INVALID,AUSTRALIA,M,,UNKNOWN
1969.0,UNPROVOKED,AUSTRALIA,M,,N
1968.0,PROVOKED,AUSTRALIA,M,,N
1968.0,UNPROVOKED,NEWZEALAND,M,,N
1968.0,UNPROVOKED,SOUTHAFRICA,M,,N
1968.0,INVALID,SOUTHAFRICA,M,,N
1968.0,BOAT,SOUTHAFRICA,M,,N
1968.0,PROVOKED,AUSTRALIA,M,,N
1968.0,UNPROVOKED,NEWZEALAND,M,,Y
1968.0,UNPROVOKED,USA,M,,N
1968.0,UNPROVOKED,FRENCHPOLYNESIA,M,,N
1968.0,UNPROVOKED,COLUMBIA,M,,N
1968.0,UNPROVOKED,USA,M,,N
1968.0,UNPROVOKED,USA,M,,N
1968.0,UNPROVOKED,USA,M,,N
1968.0,INVALID,MEXICO,M,,N
1968.0,UNPROVOKED,BAHAMAS,M,,N
1968.0,UNPROVOKED,USA,M,,N
1968.0,UNPROVOKED,PAPUANEWGUINEA,M,,N
1968.0,INVALID,USA,M,,N
1968.0,UNPROVOKED,USA,M,,N
1968.0,UNPROVOKED,AUSTRALIA,M,,N
1968.0,UNPROVOKED,PAPUANEWGUINEA,M,,Y
1968.0,PROVOKED,AUSTRALIA,M,,N
1968.0,UNPROVOKED,SOUTHAFRICA,M,,N
1968.0,UNPROVOKED,USA,M,,N
1968.0,INVALID,USA,M,,N
1968.0,UNPROVOKED,USA,M,,N
1968.0,UNPROVOKED,AUSTRALIA,F,,N
1968.0,UNPROVOKED,AUSTRALIA,M,,N
1967.0,UNPROVOKED,SOUTHAFRICA,M,,N
1967.0,INVALID,PAPUANEWGUINEA,M,,N
1967.0,UNPROVOKED,FIJI,M,,N
1967.0,UNPROVOKED,AUSTRALIA,M,,Y
1967.0,PROVOKED,AUSTRALIA,M,,N
1967.0,UNPROVOKED,AUSTRALIA,M,,N
1967.0,PROVOKED,FIJI,M,,N
1967.0,UNPROVOKED,USA,M,,N
1967.0,UNPROVOKED,TONGA,M,,N
1967.0,UNPROVOKED,PAPUANEWGUINEA,M,,Y
1967.0,PROVOKED,USA,M,,N
1967.0,UNPROVOKED,JAPAN,M,,Y
1967.0,UNPROVOKED,AUSTRALIA,M,,Y
1967.0,UNPROVOKED,BERMUDA,F,,N
1967.0,INVALID,AUSTRALIA,M,,Y
1967.0,UNPROVOKED,USA,M,,N
1967.0,UNPROVOKED,BAHAMAS,M,,N
1967.0,UNPROVOKED,USA,M,,N
1967.0,UNPROVOKED,TURKEY,M,,Y
1967.0,INVALID,USA,M,,N
1967.0,PROVOKED,USA,M,,N
1967.0,PROVOKED,AUSTRALIA,M,,N
1967.0,PROVOKED,AUSTRALIA,M,,N
1967.0,PROVOKED,UNITEDKINGDOM,M,,N
1967.0,PROVOKED,NEWZEALAND,M,,N
1967.0,UNPROVOKED,SOUTHAFRICA,M,,N
1967.0,PROVOKED,AUSTRALIA,M,,N
1967.0,UNPROVOKED,NEWZEALAND,M,,Y
1967.0,UNPROVOKED,PAPUANEWGUINEA,M,,N
1967.0,UNPROVOKED,MOZAMBIQUE,M,,N
1967.0,PROVOKED,AUSTRALIA,M,,N
1966.0,UNPROVOKED,AUSTRALIA,M,,N
1966.0,PROVOKED,AUSTRALIA,M,,N
1966.0,UNPROVOKED,AUSTRALIA,M,,N
1966.0,UNPROVOKED,SINGAPORE,M,,N
1966.0,UNPROVOKED,AUSTRALIA,M,,N
1966.0,UNPROVOKED,PAPUANEWGUINEA,F,MONTHS,Y
1966.0,UNPROVOKED,PAPUANEWGUINEA,F,,Y
1966.0,UNPROVOKED,PAPUANEWGUINEA,F,,Y
1966.0,UNPROVOKED,AUSTRALIA,M,,N
1966.0,PROVOKED,USA,M,,N
1966.0,UNPROVOKED,AUSTRALIA,M,,N
1966.0,PROVOKED,USA,M,,N
1966.0,UNPROVOKED,BAHAMAS,F,,N
1966.0,UNPROVOKED,NEWBRITAIN,F,,Y
1966.0,UNPROVOKED,NEWBRITAIN,F,,Y
1966.0,UNPROVOKED,CROATIA,M,,Y
1966.0,UNPROVOKED,ITALY,M,,N
1966.0,INVALID,USA,M,,N
1966.0,UNPROVOKED,USA,M,,N
1966.0,UNPROVOKED,USA,M,,N
1966.0,PROVOKED,USA,M,,N
1966.0,UNPROVOKED,USA,M,,N
1966.0,UNPROVOKED,TAIWAN,M,,Y
1966.0,UNPROVOKED,PAPUANEWGUINEA,F,,Y
1966.0,INVALID,USA,M,,N
1966.0,PROVOKED,USA,M,,N
1966.0,PROVOKED,USA,M,,N
1966.0,UNPROVOKED,USA,M,,N
1966.0,SEADISASTER,AUSTRALIA,M,,Y
1966.0,SEADISASTER,AUSTRALIA,M,,Y
1966.0,INVALID,USA,M,,N
1966.0,UNPROVOKED,USA,M,,N
1966.0,UNPROVOKED,AUSTRALIA,M,,N
1966.0,PROVOKED,SOUTHAFRICA,M,,N
1966.0,UNPROVOKED,USA,M,,N
1966.0,UNPROVOKED,AUSTRALIA,M,,N
1966.0,UNPROVOKED,SOUTHAFRICA,M,,N
1966.0,UNPROVOKED,AUSTRALIA,M,,N
1966.0,UNPROVOKED,SOUTHAFRICA,M,,N
1966.0,UNPROVOKED,NEWZEALAND,F,,Y
1966.0,UNPROVOKED,USA,M,,N
1966.0,INVALID,USA,F,,N
1965.0,UNPROVOKED,AUSTRALIA,M,,N
1965.0,PROVOKED,AUSTRALIA,M,,Y
1965.0,UNPROVOKED,PACIFICOCEAN,M,,N
1965.0,UNPROVOKED,AUSTRALIA,M,,N
1965.0,UNPROVOKED,BAHAMAS,M,,N
1965.0,UNPROVOKED,NEWBRITAIN,M,,Y
1965.0,UNPROVOKED,PAPUANEWGUINEA,M,,N
1965.0,UNPROVOKED,MEXICO,M,,N
1965.0,UNPROVOKED,USA,M,,N
1965.0,UNPROVOKED,MEXICO,M,,Y
1965.0,INVALID,USA,M,,N
1965.0,UNPROVOKED,MEXICO,M,,N
1965.0,UNPROVOKED,MEXICO,M,,N
1965.0,UNPROVOKED,USA,M,,N
1965.0,INVALID,USA,M,,Y
1965.0,UNPROVOKED,USA,M,,N
1965.0,UNPROVOKED,PALAU,M,,N
1965.0,UNPROVOKED,USA,M,,N
1965.0,UNPROVOKED,USA,M,,N
1965.0,UNPROVOKED,SOUTHAFRICA,M,,N
1965.0,UNPROVOKED,USA,M,,N
1965.0,INVALID,USA,M,,Y
1965.0,UNPROVOKED,SOUTHAFRICA,M,,N
1965.0,UNPROVOKED,SOUTHAFRICA,M,,N
1965.0,UNPROVOKED,NEWGUINEA,M,,Y
1965.0,UNPROVOKED,USA,M,,N
1965.0,PROVOKED,USA,M,TEEN,N
1965.0,UNPROVOKED,EGYPT,M,TO,N
1964.0,UNPROVOKED,SOUTHAFRICA,M,,N
1964.0,UNPROVOKED,PAPUANEWGUINEA,M,,N
1964.0,UNPROVOKED,KENYA,M,,Y
1964.0,UNPROVOKED,AUSTRALIA,M,,N
1964.0,UNPROVOKED,AUSTRALIA,M,,Y
1964.0,PROVOKED,AUSTRALIA,M,,N
1964.0,UNPROVOKED,AUSTRALIA,M,,N
1964.0,UNPROVOKED,TAIWAN,M,,Y
1964.0,UNPROVOKED,TAIWAN,M,,N
1964.0,UNPROVOKED,USA,M,,N
1964.0,UNPROVOKED,MEXICO,M,,N
1964.0,INVALID,USA,M,,N
1964.0,UNPROVOKED,USA,M,,N
1964.0,UNPROVOKED,JAPAN,M,,N
1964.0,UNPROVOKED,PANAMA,M,,N
1964.0,PROVOKED,USA,M,,N
1964.0,UNPROVOKED,SOUTHAFRICA,M,,N
1964.0,INVALID,SOUTHAFRICA,M,,Y
1964.0,INVALID,USA,F,,Y
1964.0,UNPROVOKED,FIJI,M,,N
1964.0,INVALID,SOUTHAFRICA,M,,Y
1964.0,UNPROVOKED,PANAMA,M,,N
1964.0,UNPROVOKED,FIJI,M,,Y
1964.0,UNPROVOKED,PANAMA,M,,Y
1964.0,UNPROVOKED,AUSTRALIA,M,,N
1964.0,SEADISASTER,PAPUANEWGUINEA,M,,Y
1964.0,UNPROVOKED,USA,M,,N
1964.0,UNPROVOKED,NEWCALEDONIA,M,,Y
1964.0,UNPROVOKED,FIJI,M,,Y
1964.0,UNPROVOKED,NEWZEALAND,M,,N
1964.0,UNPROVOKED,SOUTHAFRICA,M,,N
1964.0,UNPROVOKED,NEWZEALAND,M,,Y
1964.0,INVALID,AUSTRALIA,M,,Y
1964.0,UNPROVOKED,USA,M,,N
1964.0,UNPROVOKED,SOUTHAFRICA,M,,N
1964.0,UNPROVOKED,SOUTHAFRICA,M,,N
1964.0,UNPROVOKED,USA,M,,N
1964.0,UNPROVOKED,FIJI,F,,N
1963.0,UNPROVOKED,SOUTHAFRICA,F,,N
1963.0,UNPROVOKED,SOUTHAFRICA,M,,N
1963.0,UNPROVOKED,SOUTHAFRICA,M,,Y
1963.0,PROVOKED,SOUTHAFRICA,M,,N
1963.0,UNPROVOKED,SOUTHAFRICA,M,,Y
1963.0,UNPROVOKED,AUSTRALIA,M,,N
1963.0,UNPROVOKED,NEWBRITAIN,M,,Y
1963.0,UNPROVOKED,NEWZEALAND,M,,N
1963.0,PROVOKED,PAPUANEWGUINEA,F,,N
1963.0,UNPROVOKED,FIJI,F,,N
1963.0,UNPROVOKED,FIJI,M,,N
1963.0,UNPROVOKED,ITALY,M,,N
1963.0,UNPROVOKED,PALAU,M,,N
1963.0,UNPROVOKED,USA,M,,N
1963.0,PROVOKED,NORTHPACIFICOCEAN,M,,N
1963.0,UNPROVOKED,SOLOMONISLANDS,M,,Y
1963.0,PROVOKED,AUSTRALIA,M,,N
1963.0,PROVOKED,USA,M,,N
1963.0,UNPROVOKED,DOMINICANREPUBLIC,M,,Y
1963.0,UNPROVOKED,FEDERATEDSTATESOFMICRONESIA,M,,N
1963.0,UNPROVOKED,USA,M,,N
1963.0,PROVOKED,USA,M,,N
1963.0,UNPROVOKED,GREECE,F,,Y
1963.0,PROVOKED,PAPUANEWGUINEA,M,,N
1963.0,UNPROVOKED,USA,M,,Y
1963.0,UNPROVOKED,SOUTHAFRICA,M,,N
1963.0,UNPROVOKED,AUSTRALIA,M,,N
1963.0,UNPROVOKED,USA,M,,N
1963.0,UNPROVOKED,AUSTRALIA,M,,N
1963.0,UNPROVOKED,FIJI,M,,N
1963.0,UNPROVOKED,MAURITIUS,M,,N
1963.0,UNPROVOKED,FIJI,M,,N
1963.0,UNPROVOKED,AUSTRALIA,F,,Y
1963.0,INVALID,AUSTRALIA,M,,Y
1963.0,UNPROVOKED,SOUTHAFRICA,M,,N
1963.0,UNPROVOKED,SOUTHAFRICA,M,,N
1962.0,UNPROVOKED,AUSTRALIA,M,,Y
1962.0,UNPROVOKED,AUSTRALIA,M,,N
1962.0,UNPROVOKED,USA,M,,N
1962.0,UNPROVOKED,SOUTHAFRICA,M,,N
1962.0,UNPROVOKED,MEXICO,M,,Y
1962.0,UNPROVOKED,ADMIRALTYISLANDS,M,,N
1962.0,INVALID,USA,F,,N
1962.0,UNPROVOKED,PANAMA,M,,Y
1962.0,UNPROVOKED,BRITISHWESTINDIES,M,,N
1962.0,UNPROVOKED,MEXICO,M,,N
1962.0,UNPROVOKED,SOUTHATLANTICOCEAN,M,,Y
1962.0,UNPROVOKED,ITALY,M,,Y
1962.0,PROVOKED,PAPUANEWGUINEA,M,,N
1962.0,PROVOKED,USA,M,,N
1962.0,UNPROVOKED,USA,M,,Y
1962.0,UNPROVOKED,USA,M,,N
1962.0,UNPROVOKED,PAPUANEWGUINEA,M,ADULT,Y
1962.0,UNPROVOKED,SENEGAL,M,,N
1962.0,UNPROVOKED,USA,M,,N
1962.0,PROVOKED,MADAGASCAR,M,,N
1962.0,PROVOKED,USA,M,,N
1962.0,UNPROVOKED,USA,M,,N
1962.0,UNPROVOKED,USA,M,,N
1962.0,UNPROVOKED,USA,M,,N
1962.0,UNPROVOKED,USA,M,,N
1962.0,UNPROVOKED,USA,M,,Y
1962.0,UNPROVOKED,USA,M,,Y
1962.0,UNPROVOKED,USA,M,,N
1962.0,PROVOKED,USA,M,,N
1962.0,UNPROVOKED,USA,M,,N
1962.0,UNPROVOKED,USA,M,,N
1962.0,UNPROVOKED,MOZAMBIQUE,M,,N
1962.0,UNPROVOKED,SOUTHAFRICA,M,,N
1962.0,UNPROVOKED,PAPUANEWGUINEA,M,,Y
1962.0,PROVOKED,NEWZEALAND,M,,N
1962.0,UNPROVOKED,SOUTHAFRICA,M,,Y
1962.0,UNPROVOKED,SOUTHAFRICA,M,,Y
1962.0,UNPROVOKED,AUSTRALIA,M,,N
1962.0,UNPROVOKED,NEWZEALAND,M,,N
1962.0,UNPROVOKED,MOZAMBIQUE,M,,UNKNOWN
1962.0,PROVOKED,AUSTRALIA,M,,N
1962.0,INVALID,SOUTHAFRICA,M,,Y
1962.0,UNPROVOKED,NEWZEALAND,M,,N
1962.0,UNPROVOKED,USA,M,,N
1962.0,UNPROVOKED,AUSTRALIA,M,,N
1962.0,UNPROVOKED,PAPUANEWGUINEA,M,,N
1962.0,UNPROVOKED,NEWZEALAND,F,,N
1962.0,INVALID,AUSTRALIA,M,,Y
1962.0,UNPROVOKED,MARSHALLISLANDS,M,,N
1961.0,UNPROVOKED,AUSTRALIA,F,,Y
1961.0,UNPROVOKED,AUSTRALIA,M,,N
1961.0,UNPROVOKED,SOUTHAFRICA,M,,N
1961.0,PROVOKED,AUSTRALIA,M,,N
1961.0,UNPROVOKED,MOZAMBIQUE,M,,N
1961.0,UNPROVOKED,AUSTRALIA,M,,Y
1961.0,UNPROVOKED,AUSTRALIA,M,,N
1961.0,INVALID,USA,M,,Y
1961.0,UNPROVOKED,USA,M,,Y
1961.0,PROVOKED,USA,M,,N
1961.0,UNPROVOKED,CROATIA,M,,Y
1961.0,PROVOKED,TANZANIA,M,,N
1961.0,UNPROVOKED,MIDATLANTICOCEAN,M,,N
1961.0,PROVOKED,ITALY,M,,N
1961.0,UNPROVOKED,USA,M,,N
1961.0,UNPROVOKED,USA,M,,N
1961.0,UNPROVOKED,BERMUDA,M,,N
1961.0,UNPROVOKED,USA,M,,N
1961.0,PROVOKED,USA,M,,N
1971.0,UNPROVOKED,TURKEY,M,,N
1961.0,UNPROVOKED,ITALY,M,,N
1961.0,PROVOKED,PANAMA,M,,Y
1961.0,UNPROVOKED,USA,M,,Y
1961.0,UNPROVOKED,USA,M,,N
1961.0,PROVOKED,PAPUANEWGUINEA,M,,N
1961.0,UNPROVOKED,USA,M,,N
1961.0,UNPROVOKED,USA,M,,N
1961.0,INVALID,USA,M,,N
1961.0,UNPROVOKED,MOZAMBIQUE,M,,N
1961.0,UNPROVOKED,USA,M,,N
1961.0,PROVOKED,AUSTRALIA,M,,N
1961.0,UNPROVOKED,AUSTRALIA,M,,N
1961.0,UNPROVOKED,MOZAMBIQUE,M,,Y
1961.0,UNPROVOKED,AUSTRALIA,M,,N
1961.0,UNPROVOKED,AUSTRALIA,M,,N
1961.0,UNPROVOKED,AUSTRALIA,M,,N
1961.0,UNPROVOKED,AUSTRALIA,M,,N
1961.0,UNPROVOKED,NORTHPACIFICOCEAN,M,,N
1961.0,PROVOKED,SOUTHAFRICA,M,,N
1961.0,PROVOKED,USA,M,,N
1961.0,UNPROVOKED,SOUTHAFRICA,M,,N
1961.0,UNPROVOKED,SOUTHAFRICA,M,,Y
1961.0,UNPROVOKED,SOUTHAFRICA,M,,N
1961.0,PROVOKED,AUSTRALIA,M,,N
1961.0,UNPROVOKED,SOUTHAFRICA,M,,N
1961.0,UNPROVOKED,SOUTHAFRICA,M,OR,N
1961.0,UNPROVOKED,SENEGAL,M,,Y
1960.0,UNPROVOKED,AUSTRALIA,F,,N
1960.0,UNPROVOKED,SOUTHAFRICA,M,,Y
1960.0,UNPROVOKED,AUSTRALIA,M,,N
1960.0,UNPROVOKED,AUSTRALIA,M,,N
1960.0,INVALID,USA,F,,Y
1960.0,PROVOKED,AUSTRALIA,M,,N
1960.0,UNPROVOKED,AUSTRALIA,M,,N
1960.0,SEADISASTER,USA,M,,N
1960.0,INVALID,AUSTRALIA,M,,N
1960.0,UNPROVOKED,PAPUANEWGUINEA,M,,N
1960.0,INVALID,JOHNSTONISLAND,M,,N
1960.0,UNPROVOKED,USA,M,,N
1960.0,UNPROVOKED,USA,M,,N
1960.0,UNPROVOKED,USA,M,,N
1960.0,UNPROVOKED,USA,M,,N
1960.0,PROVOKED,USA,M,,N
1960.0,PROVOKED,ENGLAND,M,,N
1960.0,UNPROVOKED,USA,M,,N
1960.0,UNPROVOKED,PAPUANEWGUINEA,M,,N
1960.0,UNPROVOKED,USA,M,,N
1960.0,PROVOKED,USA,M,,N
1960.0,PROVOKED,NORTHSEA,M,,N
1960.0,UNPROVOKED,USA,M,,N
1960.0,INVALID,USA,M,,N
1960.0,UNPROVOKED,PHILIPPINES,M,,Y
1960.0,UNPROVOKED,USA,M,,N
1960.0,UNPROVOKED,PANAMA,M,,N
1960.0,UNPROVOKED,BERMUDA,M,,N
1960.0,UNPROVOKED,USA,F,,N
1960.0,UNPROVOKED,SOUTHAFRICA,M,,N
1960.0,UNPROVOKED,USA,M,,N
1960.0,INVALID,BERMUDA,M,,N
1960.0,UNPROVOKED,AUSTRALIA,M,,N
1960.0,UNPROVOKED,USA,M,,N
1960.0,UNPROVOKED,GUAM,M,,N
1960.0,UNPROVOKED,AUSTRALIA,M,,N
1960.0,UNPROVOKED,NEWZEALAND,M,,N
1960.0,INVALID,USA,M,,N
1960.0,UNPROVOKED,PAPUANEWGUINEA,M,,Y
1960.0,PROVOKED,AUSTRALIA,M,,N
1960.0,UNPROVOKED,AUSTRALIA,M,,Y
1960.0,UNPROVOKED,GRENADA,M,,N
1960.0,UNPROVOKED,PAPUANEWGUINEA,M,,Y
1960.0,UNPROVOKED,PAPUANEWGUINEA,M,,N
1960.0,UNPROVOKED,MOZAMBIQUE,F,,Y
1959.0,UNPROVOKED,AUSTRALIA,M,,Y
1959.0,PROVOKED,AUSTRALIA,M,,N
1959.0,SEADISASTER,MALDIVEISLANDS,F,,Y
1959.0,UNPROVOKED,AUSTRALIA,M,,N
1959.0,UNPROVOKED,AUSTRALIA,M,,N
1959.0,UNPROVOKED,AUSTRALIA,M,,N
1959.0,UNPROVOKED,USA,M,,N
1959.0,UNPROVOKED,MOZAMBIQUE,M,X,Y
1959.0,UNPROVOKED,USA,M,,N
1959.0,UNPROVOKED,FIJI,M,,N
1959.0,UNPROVOKED,PHILIPPINES,M,,N
1959.0,INVALID,BERMUDA,F,,Y
1959.0,SEADISASTER,USA,M,,N
1959.0,UNPROVOKED,MEXICO,F,MIDDLEAGE,Y
1959.0,INVALID,JAPAN,M,,N
1959.0,INVALID,PHILIPPINES,M,,Y
1959.0,INVALID,USA,M,,N
1959.0,UNPROVOKED,USA,M,,Y
1959.0,PROVOKED,USA,M,,N
1959.0,UNPROVOKED,JAPAN,M,OR,Y
1959.0,UNPROVOKED,USA,F,,N
1959.0,INVALID,ITALY,M,,Y
1959.0,UNPROVOKED,USA,M,,N
1959.0,UNPROVOKED,JAPAN,M,,Y
1959.0,PROVOKED,USA,M,,N
1959.0,UNPROVOKED,USA,M,,Y
1959.0,PROVOKED,SOUTHAFRICA,M,,N
1959.0,UNPROVOKED,USA,F,,N
1959.0,UNPROVOKED,USA,M,,Y
1959.0,UNPROVOKED,USA,M,,N
1959.0,INVALID,AUSTRALIA,M,,N
1959.0,UNPROVOKED,AUSTRALIA,M,,N
1959.0,UNPROVOKED,USA,M,,N
1959.0,UNPROVOKED,PHILIPPINES,M,,Y
1959.0,UNPROVOKED,SOLOMONISLANDS,M,,Y
1959.0,UNPROVOKED,SOUTHAFRICA,M,,N
1959.0,UNPROVOKED,AUSTRALIA,M,,N
1959.0,UNPROVOKED,ECUADOR,M,,N
1959.0,UNPROVOKED,AUSTRALIA,M,,N
1959.0,UNPROVOKED,AUSTRALIA,M,,Y
1959.0,UNPROVOKED,AUSTRALIA,M,,N
1959.0,UNPROVOKED,SOUTHAFRICA,M,,N
1959.0,UNPROVOKED,MOZAMBIQUE,M,,Y
1958.0,UNPROVOKED,SOUTHAFRICA,M,,Y
1958.0,UNPROVOKED,USA,M,,Y
1958.0,UNPROVOKED,AMERICANSAMOA,M,,Y
1958.0,UNPROVOKED,AUSTRALIA,M,,Y
1958.0,UNPROVOKED,USA,M,,N
1958.0,UNPROVOKED,USA,M,,N
1958.0,UNPROVOKED,PAPUANEWGUINEA,M,,N
1958.0,UNPROVOKED,ANDAMANNICOBARISLANDAS,M,,Y
1958.0,UNPROVOKED,BAHAMAS,M,,N
1958.0,PROVOKED,USA,M,,N
1958.0,UNPROVOKED,USA,M,,N
1958.0,UNPROVOKED,USA,M,,N
1958.0,UNPROVOKED,USA,M,,Y
1958.0,UNPROVOKED,KENYA,M,,Y
1958.0,SEADISASTER,PACIFICOCEAN,M,,N
1958.0,PROVOKED,USA,M,,N
1958.0,UNPROVOKED,PAPUANEWGUINEA,M,,Y
1958.0,UNPROVOKED,BAHAMAS,M,,N
1958.0,PROVOKED,USA,M,,N
1958.0,UNPROVOKED,USA,M,,N
1958.0,PROVOKED,USA,M,,N
1958.0,UNPROVOKED,TAIWAN,M,,N
1958.0,UNPROVOKED,SOUTHAFRICA,F,,Y
1958.0,UNPROVOKED,SOUTHAFRICA,M,,Y
1958.0,INVALID,AUSTRALIA,M,,Y
1958.0,PROVOKED,USA,M,,N
1958.0,UNPROVOKED,AUSTRALIA,M,,N
1958.0,UNPROVOKED,AUSTRALIA,M,,N
1958.0,INVALID,JAPAN,M,,Y
1957.0,UNPROVOKED,SOUTHAFRICA,F,,N
1957.0,UNPROVOKED,SOUTHAFRICA,M,,N
1957.0,UNPROVOKED,SOUTHAFRICA,M,,Y
1957.0,UNPROVOKED,SOUTHAFRICA,M,,Y
1957.0,UNPROVOKED,SOUTHAFRICA,M,,N
1957.0,UNPROVOKED,SOLOMONISLANDS,M,,Y
1957.0,UNPROVOKED,SOLOMONISLANDS,F,,Y
1957.0,UNPROVOKED,USA,M,,Y
1957.0,UNPROVOKED,AUSTRALIA,M,,N
1957.0,UNPROVOKED,AUSTRALIA,M,,N
1957.0,UNPROVOKED,USA,M,,Y
1957.0,UNPROVOKED,AUSTRALIA,M,,N
1957.0,PROVOKED,USA,M,,N
1957.0,UNPROVOKED,AUSTRALIA,M,,N
1957.0,UNPROVOKED,PAPUANEWGUINEA,M,,N
1957.0,UNPROVOKED,SOLOMONISLANDS,M,,N
1957.0,UNPROVOKED,SOUTHAFRICA,M,,Y
1957.0,UNPROVOKED,CUBA,M,,Y
1957.0,UNPROVOKED,FIJI,M,,N
1956.0,UNPROVOKED,PAPUANEWGUINEA,M,,Y
1956.0,UNPROVOKED,PAPUANEWGUINEA,M,,Y
1956.0,PROVOKED,NEWZEALAND,M,,N
1956.0,UNPROVOKED,SOUTHAFRICA,M,,N
1956.0,UNPROVOKED,SENEGAL,M,,N
1956.0,UNPROVOKED,USA,M,,N
1956.0,UNPROVOKED,PAPUANEWGUINEA,M,,Y
1956.0,UNPROVOKED,USA,M,,Y
1956.0,UNPROVOKED,USA,M,,N
1956.0,UNPROVOKED,SOUTHAFRICA,M,,N
1956.0,PROVOKED,USA,M,,Y
1956.0,PROVOKED,USA,M,,N
1956.0,UNPROVOKED,MALTA,M,,Y
1956.0,UNPROVOKED,USA,F,,N
1956.0,UNPROVOKED,USA,M,,N
1956.0,BOATING,PORTUGAL,M,,Y
1956.0,UNPROVOKED,CUBA,M,,Y
1956.0,UNPROVOKED,AUSTRALIA,M,,N
1956.0,UNPROVOKED,AUSTRALIA,M,,Y
1956.0,UNPROVOKED,AUSTRALIA,M,,N
1956.0,UNPROVOKED,AUSTRALIA,M,,Y
1956.0,UNPROVOKED,AUSTRALIA,M,,N
1956.0,UNPROVOKED,AUSTRALIA,M,,N
1956.0,UNPROVOKED,COSTARICA,M,,Y
1956.0,UNPROVOKED,AUSTRALIA,M,,N
1956.0,UNPROVOKED,GREECE,F,,Y
1956.0,UNPROVOKED,USA,F,,UNKNOWN
1955.0,UNPROVOKED,PAPUANEWGUINEA,M,,N
1955.0,PROVOKED,AUSTRALIA,M,,N
1955.0,UNPROVOKED,USA,M,,N
1955.0,PROVOKED,USA,M,,N
1955.0,UNPROVOKED,CROATIA,F,,Y
1955.0,UNPROVOKED,AMERICANSAMOA,M,,Y
1955.0,UNPROVOKED,NORTHATLANTICOCEAN,M,,N
1955.0,UNPROVOKED,JAPAN,M,,Y
1955.0,UNPROVOKED,USA,M,,N
1955.0,PROVOKED,USA,M,,N
1955.0,UNPROVOKED,AUSTRALIA,M,,Y
1955.0,PROVOKED,AUSTRALIA,M,,N
1955.0,UNPROVOKED,USA,M,,N
1955.0,UNPROVOKED,AUSTRALIA,M,,Y
1955.0,UNPROVOKED,INDIA,M,,N
1955.0,UNPROVOKED,AUSTRALIA,M,,Y
1955.0,UNPROVOKED,MADAGASCAR,M,,Y
1955.0,UNPROVOKED,COLUMBIA,M,,N
1954.0,UNPROVOKED,AMERICANSAMOA,M,,Y
1954.0,UNPROVOKED,AUSTRALIA,M,,Y
1954.0,UNPROVOKED,SOUTHAFRICA,M,,N
1954.0,PROVOKED,UNITEDKINGDOM,M,,N
1954.0,INVALID,JAPAN,M,,Y
1954.0,UNPROVOKED,USA,M,,N
1954.0,UNPROVOKED,HONGKONG,M,,Y
1954.0,UNPROVOKED,AUSTRALIA,M,,Y
1954.0,UNPROVOKED,ITALY,M,,N
1954.0,UNPROVOKED,ECUADOR,M,,N
1954.0,UNPROVOKED,SINGAPORE,M,,Y
1954.0,UNPROVOKED,BERMUDA,M,,N
1954.0,PROVOKED,USA,M,,N
1954.0,UNPROVOKED,AUSTRALIA,M,,N
1954.0,UNPROVOKED,AUSTRALIA,M,,Y
1954.0,UNPROVOKED,AUSTRALIA,M,,N
1954.0,UNPROVOKED,ARGENTINA,M,,N
1954.0,UNPROVOKED,PAPUANEWGUINEA,M,,N
1954.0,UNPROVOKED,PAPUANEWGUINEA,M,,N
1953.0,UNPROVOKED,SOUTHAFRICA,M,,N
1953.0,UNPROVOKED,AUSTRALIA,M,,N
1953.0,UNPROVOKED,PHILIPPINES,M,,Y
1953.0,UNPROVOKED,USA,M,,N
1953.0,INVALID,MEXICO,M,,N
1953.0,UNPROVOKED,MEXICO,F,,Y
1953.0,UNPROVOKED,USA,M,,Y
1953.0,UNPROVOKED,USA,F,,N
1953.0,UNPROVOKED,PANAMA,M,,N
1953.0,UNPROVOKED,USA,F,,N
1953.0,UNPROVOKED,AUSTRALIA,M,,N
1953.0,UNPROVOKED,AUSTRALIA,M,,N
1953.0,PROVOKED,AUSTRALIA,M,,N
1952.0,UNPROVOKED,AUSTRALIA,M,,N
1952.0,PROVOKED,ITALY,M,,N
1952.0,UNPROVOKED,USA,M,,Y
1952.0,UNPROVOKED,USA,M,,Y
1952.0,INVALID,SOUTHAFRICA,M,,Y
1952.0,PROVOKED,USA,M,,N
1952.0,PROVOKED,USA,M,,N
1952.0,PROVOKED,USA,M,,N
1952.0,UNPROVOKED,PAPUANEWGUINEA,M,,Y
1951.0,UNPROVOKED,MOZAMBIQUE,M,,Y
1951.0,PROVOKED,AUSTRALIA,M,,N
1951.0,UNPROVOKED,AUSTRALIA,M,,Y
1951.0,UNPROVOKED,SOUTHAFRICA,M,,N
1951.0,UNPROVOKED,JAMAICA,M,,N
1951.0,UNPROVOKED,SOUTHAFRICA,M,,N
1951.0,UNPROVOKED,AUSTRALIA,M,,Y
1951.0,UNPROVOKED,ITALY,F,,Y
1951.0,UNPROVOKED,AUSTRALIA,M,,Y
1951.0,UNPROVOKED,GREECE,M,,N
1951.0,UNPROVOKED,GREECE,F,,Y
1951.0,UNPROVOKED,USA,M,,N
1951.0,UNPROVOKED,PACIFICOCEAN,M,,N
1951.0,UNPROVOKED,FRENCHPOLYNESIA,M,,N
1951.0,UNPROVOKED,MEXICO,M,,N
1951.0,PROVOKED,AUSTRALIA,M,,N
1951.0,UNPROVOKED,AUSTRALIA,M,YOUNG,N
1951.0,UNPROVOKED,SOUTHAFRICA,M,,N
1951.0,UNPROVOKED,SOUTHAFRICA,M,,N
1951.0,UNPROVOKED,AUSTRALIA,M,,N
1951.0,UNPROVOKED,AUSTRALIA,M,,N
1951.0,UNPROVOKED,SOUTHAFRICA,M,,Y
1950.0,UNPROVOKED,AUSTRALIA,M,,N
1950.0,UNPROVOKED,AUSTRALIA,M,,Y
1950.0,PROVOKED,AUSTRALIA,M,,N
1950.0,UNPROVOKED,AUSTRALIA,M,,N
1950.0,BOATING,AUSTRALIA,M,,N
1950.0,UNPROVOKED,USA,M,,N
1950.0,UNPROVOKED,AUSTRALIA,M,,N
1950.0,PROVOKED,ELSALVADOR,M,,N
1950.0,UNPROVOKED,JAPAN,M,,Y
1950.0,UNPROVOKED,CUBA,M,,N
1950.0,UNPROVOKED,USA,M,,N
1950.0,UNPROVOKED,USA,M,,N
1950.0,UNPROVOKED,USA,M,,N
1950.0,SEADISASTER,USA,M,,Y
1950.0,UNPROVOKED,SOUTHAFRICA,M,,N
1950.0,SEADISASTER,AUSTRALIA,M,,Y
1950.0,UNPROVOKED,SOUTHAFRICA,M,,Y
1950.0,UNPROVOKED,SOUTHAFRICA,M,,Y
1950.0,UNPROVOKED,INDONESIA,M,OR,Y
1949.0,UNPROVOKED,AUSTRALIA,M,,N
1949.0,UNPROVOKED,AUSTRALIA,M,,N
1949.0,UNPROVOKED,AUSTRALIA,M,,N
1949.0,UNPROVOKED,AUSTRALIA,M,,Y
1949.0,INVALID,ITALY,M,,N
1949.0,UNPROVOKED,AUSTRALIA,M,,N
1949.0,UNPROVOKED,ITALY,M,,N
1949.0,UNPROVOKED,IRAN,M,,N
1949.0,UNPROVOKED,IRAN,M,,Y
1949.0,UNPROVOKED,USA,M,,N
1949.0,PROVOKED,USA,M,,N
1949.0,UNPROVOKED,AUSTRALIA,F,,N
1949.0,PROVOKED,AUSTRALIA,M,,N
1949.0,UNPROVOKED,AUSTRALIA,M,,Y
1949.0,UNPROVOKED,AUSTRALIA,M,,Y
1949.0,INVALID,AUSTRALIA,M,,N
1949.0,UNPROVOKED,PAPUANEWGUINEA,M,,Y
1948.0,UNPROVOKED,AUSTRALIA,M,,Y
1948.0,UNPROVOKED,AUSTRALIA,M,,Y
1948.0,UNPROVOKED,IRAN,M,,N
1948.0,UNPROVOKED,CUBA,M,,N
1948.0,UNPROVOKED,AUSTRALIA,M,,N
1948.0,UNPROVOKED,GREECE,M,,Y
1948.0,UNPROVOKED,IRAN,F,,Y
1948.0,UNPROVOKED,IRAN,M,,Y
1948.0,UNPROVOKED,IRAN,M,,N
1948.0,PROVOKED,BAHAMAS,M,,N
1948.0,UNPROVOKED,USA,M,,Y
1948.0,PROVOKED,IRAN,M,,N
1948.0,PROVOKED,PAPUANEWGUINEA,M,,N
1948.0,UNPROVOKED,AUSTRALIA,M,,Y
1948.0,PROVOKED,USA,M,,N
1947.0,UNPROVOKED,AUSTRALIA,M,,N
1947.0,UNPROVOKED,AUSTRALIA,M,,N
1947.0,UNPROVOKED,AUSTRALIA,M,,N
1947.0,UNPROVOKED,AUSTRALIA,M,,Y
1947.0,UNPROVOKED,AUSTRALIA,M,,N
1947.0,UNPROVOKED,BRAZIL,M,,Y
1947.0,UNPROVOKED,USA,M,,Y
1947.0,PROVOKED,USA,M,,N
1947.0,UNPROVOKED,SOUTHAFRICA,M,,N
1947.0,UNPROVOKED,USA,M,,N
1947.0,UNPROVOKED,SOUTHAFRICA,M,,N
1947.0,UNPROVOKED,SOUTHAFRICA,M,,N
1947.0,UNPROVOKED,AUSTRALIA,M,,N
1947.0,PROVOKED,PACIFICOCEAN,M,,N
1947.0,UNPROVOKED,SOUTHAFRICA,M,,N
1947.0,UNPROVOKED,SOUTHAFRICA,M,,N
1947.0,UNPROVOKED,SOUTHAFRICA,M,,N
1946.0,UNPROVOKED,AUSTRALIA,M,,N
1946.0,UNPROVOKED,AUSTRALIA,M,,Y
1946.0,UNPROVOKED,AUSTRALIA,M,,N
1946.0,UNPROVOKED,ISRAEL,M,,N
1946.0,UNPROVOKED,AUSTRALIA,M,,Y
1946.0,UNPROVOKED,IRAN,M,,N
1946.0,UNPROVOKED,IRAN,M,,N
1946.0,UNPROVOKED,INDIA,M,,N
1946.0,UNPROVOKED,AUSTRALIA,M,,Y
1946.0,BOATING,AUSTRALIA,M,,N
1946.0,UNPROVOKED,SOUTHAFRICA,M,,N
1946.0,UNPROVOKED,AUSTRALIA,M,,N
1946.0,UNPROVOKED,SOUTHAFRICA,M,,N
1946.0,UNPROVOKED,SOUTHAFRICA,M,,N
1946.0,UNPROVOKED,AUSTRALIA,M,,N
1946.0,UNPROVOKED,SOUTHAFRICA,M,,N
1946.0,UNPROVOKED,AUSTRALIA,F,,Y
1946.0,UNPROVOKED,SOUTHAFRICA,M,,N
1945.0,SEADISASTER,OKINAWA,M,,N
1945.0,UNPROVOKED,IRAN,M,,N
1945.0,UNPROVOKED,SOUTHAFRICA,M,,N
1945.0,UNPROVOKED,PANAMA,F,OR,N
1945.0,UNPROVOKED,IRAQ,M,,N
1944.0,SEADISASTER,PHILIPPINES,M,,N
1944.0,SEADISASTER,SIERRALEONE,M,,Y
1944.0,UNPROVOKED,USA,M,,N
1944.0,UNPROVOKED,SOUTHAFRICA,M,,Y
1944.0,UNPROVOKED,SOUTHAFRICA,M,,Y
1944.0,UNPROVOKED,USA,F,,N
1944.0,UNPROVOKED,SOUTHAFRICA,M,,N
1944.0,UNPROVOKED,SOUTHAFRICA,M,,Y
1944.0,UNPROVOKED,SOUTHAFRICA,M,,N
1944.0,UNPROVOKED,INDIA,M,,Y
1944.0,UNPROVOKED,SOUTHAFRICA,M,,Y
1944.0,UNPROVOKED,AUSTRALIA,M,,N
1944.0,UNPROVOKED,SOUTHAFRICA,M,,Y
1943.0,UNPROVOKED,SOUTHAFRICA,M,,Y
1943.0,UNPROVOKED,PANAMA,M,,Y
1943.0,INVALID,MEXICO,M,,N
1943.0,BOATING,AUSTRALIA,M,,N
1943.0,SEADISASTER,CENTRALPACIFIC,M,,N
1943.0,SEADISASTER,AUSTRALIA,M,F,Y
1943.0,UNPROVOKED,SOUTHAFRICA,M,,Y
1943.0,UNPROVOKED,IRAQ,M,,N
1942.0,UNPROVOKED,AUSTRALIA,F,,Y
1942.0,UNPROVOKED,SOUTHAFRICA,M,,N
1942.0,SEADISASTER,SOLOMONISLANDS,M,,N
1942.0,UNPROVOKED,SOUTHAFRICA,M,,Y
1942.0,SEADISASTER,SOLOMONISLANDS,M,,N
1942.0,UNPROVOKED,AUSTRALIA,M,,N
1942.0,SEADISASTER,ATLANTICOCEAN,M,,Y
1942.0,PROVOKED,ITALY,M,,N
1942.0,INVALID,AUSTRALIA,M,,Y
1942.0,UNPROVOKED,AUSTRALIA,F,,Y
1942.0,UNPROVOKED,BAHAMAS,M,,N
1941.0,UNPROVOKED,AUSTRALIA,M,,N
1941.0,SEADISASTER,SOUTHATLANTICOCEAN,M,,N
1941.0,UNPROVOKED,USA,M,,N
1941.0,PROVOKED,USA,M,,N
1941.0,PROVOKED,USA,M,,N
1941.0,PROVOKED,AUSTRALIA,M,,N
1941.0,UNPROVOKED,SOUTHATLANTICOCEAN,M,,N
1941.0,UNPROVOKED,IRAN,M,,Y
1941.0,UNPROVOKED,PAPUANEWGUINEA,M,,N
1940.0,UNPROVOKED,AUSTRALIA,M,,Y
1940.0,UNPROVOKED,SOUTHAFRICA,M,,Y
1940.0,UNPROVOKED,PANAMA,M,,Y
1940.0,UNPROVOKED,SOUTHAFRICA,M,,Y
1940.0,UNPROVOKED,SOUTHAFRICA,M,,Y
1940.0,UNPROVOKED,AUSTRALIA,M,,Y
1940.0,UNPROVOKED,AUSTRALIA,M,,N
1940.0,UNPROVOKED,AUSTRALIA,M,,Y
1940.0,UNPROVOKED,AUSTRALIA,M,,N
1940.0,UNPROVOKED,SOUTHAFRICA,M,,Y
1939.0,INVALID,AUSTRALIA,M,,N
1939.0,UNPROVOKED,AUSTRALIA,M,,Y
1939.0,UNPROVOKED,AUSTRALIA,M,,N
1939.0,PROVOKED,USA,M,,N
1939.0,PROVOKED,BAHAMAS,M,,N
1939.0,UNPROVOKED,PAPUANEWGUINEA,M,,Y
1939.0,UNPROVOKED,AUSTRALIA,M,BOTH,N
1938.0,UNPROVOKED,AUSTRALIA,M,,Y
1938.0,PROVOKED,AUSTRALIA,M,,N
1938.0,PROVOKED,USA,M,,N
1938.0,UNPROVOKED,AUSTRALIA,M,,Y
1938.0,UNPROVOKED,IRAQ,M,OR,N
1938.0,PROVOKED,SOUTHAFRICA,M,,N
1938.0,UNPROVOKED,AUSTRALIA,M,,N
1938.0,UNPROVOKED,TRINIDADTOBAGO,M,,N
1938.0,UNPROVOKED,AUSTRALIA,M,,N
1937.0,UNPROVOKED,AUSTRALIA,M,,Y
1937.0,UNPROVOKED,AUSTRALIA,M,,Y
1937.0,UNPROVOKED,AUSTRALIA,M,,Y
1937.0,UNPROVOKED,AUSTRALIA,M,,N
1937.0,UNPROVOKED,AUSTRALIA,M,,N
1937.0,UNPROVOKED,PANAMA,M,,Y
1937.0,UNPROVOKED,USA,M,,Y
1937.0,UNPROVOKED,AUSTRALIA,M,,Y
1937.0,INVALID,AUSTRALIA,M,,N
1937.0,INVALID,AUSTRALIA,M,,Y
1937.0,UNPROVOKED,AUSTRALIA,M,,Y
1937.0,PROVOKED,AUSTRALIA,M,,N
1937.0,PROVOKED,AUSTRALIA,M,,N
1936.0,UNPROVOKED,AUSTRALIA,M,,Y
1936.0,BOATING,AUSTRALIA,M,,Y
1936.0,BOATING,USA,M,,N
1936.0,UNPROVOKED,USA,M,,Y
1936.0,UNPROVOKED,AUSTRALIA,M,,Y
1936.0,UNPROVOKED,AUSTRALIA,M,,N
1936.0,PROVOKED,AUSTRALIA,F,YOUNG,N
1936.0,UNPROVOKED,AUSTRALIA,M,,Y
1936.0,UNPROVOKED,AUSTRALIA,M,,Y
1936.0,INVALID,AUSTRALIA,M,,N
1935.0,UNPROVOKED,AUSTRALIA,M,,N
1935.0,UNPROVOKED,USA,M,,Y
1935.0,UNPROVOKED,AUSTRALIA,M,,Y
1935.0,INVALID,USA,M,,Y
1935.0,INVALID,USA,M,,Y
1935.0,UNPROVOKED,PANAMA,M,,Y
1935.0,UNPROVOKED,CROATIA,F,,Y
1935.0,UNPROVOKED,USA,M,,N
1935.0,INVALID,AUSTRALIA,M,,N
1935.0,PROVOKED,AUSTRALIA,M,,N
1935.0,UNPROVOKED,AUSTRALIA,M,,Y
1935.0,UNPROVOKED,AUSTRALIA,M,,Y
1935.0,UNPROVOKED,AUSTRALIA,M,,N
1935.0,INVALID,AUSTRALIA,M,,N
1934.0,UNPROVOKED,AUSTRALIA,F,,N
1934.0,UNPROVOKED,AUSTRALIA,M,,Y
1934.0,UNPROVOKED,AUSTRALIA,M,,Y
1934.0,UNPROVOKED,AUSTRALIA,M,,N
1934.0,UNPROVOKED,AUSTRALIA,F,,Y
1934.0,UNPROVOKED,CROATIA,F,,Y
1934.0,UNPROVOKED,USA,M,,N
1934.0,UNPROVOKED,USA,M,,Y
1934.0,UNPROVOKED,AUSTRALIA,M,,N
1934.0,UNPROVOKED,SOUTHAFRICA,M,,N
1934.0,UNPROVOKED,AUSTRALIA,M,,Y
1934.0,UNPROVOKED,AUSTRALIA,M,,Y
1934.0,UNPROVOKED,AUSTRALIA,M,,N
1934.0,UNPROVOKED,AUSTRALIA,M,,N
1933.0,UNPROVOKED,AUSTRALIA,M,,N
1933.0,UNPROVOKED,USA,M,,N
1933.0,UNPROVOKED,USA,M,,N
1933.0,UNPROVOKED,USA,M,,Y
1933.0,UNPROVOKED,AUSTRALIA,M,,Y
1932.0,UNPROVOKED,AUSTRALIA,M,,N
1932.0,UNPROVOKED,CAPEVERDE,M,,Y
1932.0,PROVOKED,BAHAMAS,M,,N
1932.0,INVALID,USA,M,,Y
1932.0,PROVOKED,USA,M,,N
1932.0,PROVOKED,MEXICO,M,,Y
1932.0,UNPROVOKED,SOUTHAFRICA,M,,N
1931.0,UNPROVOKED,AUSTRALIA,M,,N
1931.0,UNPROVOKED,JAMAICA,M,TEEN,Y
1931.0,UNPROVOKED,USA,F,,N
1931.0,UNPROVOKED,CUBA,M,,Y
1931.0,UNPROVOKED,CUBA,M,,Y
1931.0,UNPROVOKED,AUSTRALIA,M,,Y
1931.0,INVALID,AUSTRALIA,M,,Y
1931.0,UNPROVOKED,AUSTRALIA,M,,N
1930.0,UNPROVOKED,AUSTRALIA,M,,N
1930.0,UNPROVOKED,AUSTRALIA,M,,N
1930.0,UNPROVOKED,SPAIN,M,,N
1930.0,UNPROVOKED,CUBA,M,,N
1930.0,UNPROVOKED,USA,M,,N
1930.0,INVALID,SOUTHAFRICA,M,,Y
1930.0,UNPROVOKED,AUSTRALIA,M,,N
1930.0,UNPROVOKED,AUSTRALIA,M,,Y
1930.0,UNPROVOKED,SOUTHAFRICA,M,,N
1930.0,UNPROVOKED,OKINAWA,M,,N
1929.0,UNPROVOKED,AUSTRALIA,M,,Y
1929.0,UNPROVOKED,AUSTRALIA,F,,N
1929.0,UNPROVOKED,AUSTRALIA,M,S,Y
1929.0,UNPROVOKED,AUSTRALIA,M,,Y
1929.0,PROVOKED,AUSTRALIA,M,,N
1929.0,UNPROVOKED,USA,M,,N
1929.0,UNPROVOKED,AUSTRALIA,M,,N
1929.0,UNPROVOKED,AUSTRALIA,M,,N
1929.0,UNPROVOKED,AUSTRALIA,M,,Y
1929.0,UNPROVOKED,AUSTRALIA,M,,Y
1929.0,UNPROVOKED,AUSTRALIA,M,,Y
1929.0,UNPROVOKED,AUSTRALIA,M,,Y
1929.0,UNPROVOKED,USA,M,,N
1928.0,BOATING,INDIA,M,,N
1928.0,UNPROVOKED,PANAMA,M,,Y
1928.0,UNPROVOKED,AUSTRALIA,M,,N
1928.0,UNPROVOKED,AUSTRALIA,M,,N
1928.0,UNPROVOKED,AUSTRALIA,M,,Y
1928.0,UNPROVOKED,AUSTRALIA,M,,Y
1928.0,UNPROVOKED,SOUTHAFRICA,M,,N
1928.0,UNPROVOKED,SOUTHAFRICA,M,,N
1927.0,UNPROVOKED,SOUTHAFRICA,M,,Y
1927.0,UNPROVOKED,AUSTRALIA,M,,N
1927.0,PROVOKED,NEWZEALAND,M,,N
1927.0,UNPROVOKED,AUSTRALIA,M,,Y
1927.0,UNPROVOKED,AUSTRALIA,M,,Y
1926.0,UNPROVOKED,AUSTRALIA,M,,N
1926.0,UNPROVOKED,USA,M,,Y
1926.0,UNPROVOKED,ITALY,M,,Y
1926.0,UNPROVOKED,USA,M,,N
1926.0,UNPROVOKED,SOUTHATLANTICOCEAN,M,,N
1925.0,UNPROVOKED,AUSTRALIA,M,,Y
1925.0,UNPROVOKED,AUSTRALIA,M,,N
1925.0,UNPROVOKED,AUSTRALIA,M,,Y
1925.0,UNPROVOKED,PAPUANEWGUINEA,M,AM,Y
1924.0,UNPROVOKED,PANAMA,M,,N
1924.0,UNPROVOKED,USA,M,,Y
1924.0,BOATING,USA,M,,N
1924.0,UNPROVOKED,AUSTRALIA,M,,Y
1924.0,UNPROVOKED,PANAMA,M,,N
1924.0,UNPROVOKED,AUSTRALIA,F,,N
1924.0,UNPROVOKED,SOUTHAFRICA,M,,Y
1924.0,UNPROVOKED,AUSTRALIA,M,,Y
1923.0,UNPROVOKED,USA,M,,N
1923.0,UNPROVOKED,AUSTRALIA,M,,Y
1922.0,UNPROVOKED,AUSTRALIA,M,,Y
1922.0,UNPROVOKED,BARBADOS,M,,Y
1922.0,UNPROVOKED,USA,F,,Y
1922.0,UNPROVOKED,JAMAICA,M,,Y
1922.0,UNPROVOKED,SOUTHAFRICA,M,,N
1922.0,UNPROVOKED,JAMAICA,F,,Y
1922.0,UNPROVOKED,AUSTRALIA,M,,Y
1922.0,UNPROVOKED,AUSTRALIA,M,,Y
1922.0,UNPROVOKED,AUSTRALIA,M,,Y
1922.0,UNPROVOKED,AUSTRALIA,M,,Y
1921.0,UNPROVOKED,AUSTRALIA,M,,N
1921.0,UNPROVOKED,AUSTRALIA,M,,Y
1921.0,UNPROVOKED,AUSTRALIA,M,,N
1921.0,UNPROVOKED,AUSTRALIA,M,,Y
1921.0,UNPROVOKED,PHILIPPINES,M,,Y
1920.0,INVALID,USA,M,,Y
1920.0,UNPROVOKED,USA,M,,N
1920.0,UNPROVOKED,AUSTRALIA,M,,N
1920.0,UNPROVOKED,SOUTHAFRICA,F,,N
1920.0,UNPROVOKED,AUSTRALIA,M,,Y
1920.0,UNPROVOKED,SOUTHAFRICA,M,,N
1919.0,UNPROVOKED,AUSTRALIA,M,,N
1919.0,UNPROVOKED,AUSTRALIA,M,,Y
1919.0,UNPROVOKED,AUSTRALIA,M,,Y
1919.0,UNPROVOKED,AUSTRALIA,M,,Y
1918.0,UNPROVOKED,AUSTRALIA,M,,Y
1916.0,UNPROVOKED,AUSTRALIA,M,,N
1916.0,UNPROVOKED,AUSTRALIA,M,,Y
1916.0,UNPROVOKED,AUSTRALIA,M,,Y
1916.0,UNPROVOKED,USA,M,,N
1916.0,UNPROVOKED,USA,M,,Y
1916.0,UNPROVOKED,USA,M,,Y
1916.0,UNPROVOKED,USA,M,,Y
1916.0,UNPROVOKED,USA,M,OR,N
1916.0,PROVOKED,USA,M,,N
1916.0,UNPROVOKED,AUSTRALIA,M,,Y
1915.0,UNPROVOKED,AUSTRALIA,M,,N
1915.0,UNPROVOKED,AUSTRALIA,M,,Y
1914.0,UNPROVOKED,USA,M,,Y
1914.0,UNPROVOKED,AUSTRALIA,M,,Y
1913.0,UNPROVOKED,AUSTRALIA,M,,N
1912.0,UNPROVOKED,USA,M,,Y
1912.0,UNPROVOKED,AUSTRALIA,M,,N
1912.0,UNPROVOKED,AUSTRALIA,M,,Y
1912.0,UNPROVOKED,FIJI,M,,Y
1911.0,UNPROVOKED,AUSTRALIA,M,,N
1911.0,UNPROVOKED,SOUTHAFRICA,M,,Y
1911.0,SEADISASTER,AUSTRALIA,M,,N
1911.0,UNPROVOKED,NEWZEALAND,M,,Y
1909.0,UNPROVOKED,USA,M,,N
1909.0,INVALID,USA,F,,Y
1908.0,UNPROVOKED,SOUTHAFRICA,M,,Y
1907.0,UNPROVOKED,NEWZEALAND,M,,Y
1907.0,UNPROVOKED,AUSTRALIA,M,,Y
1907.0,UNPROVOKED,VIETNAM,M,,N
1906.0,UNPROVOKED,AUSTRALIA,M,,Y
1906.0,INVALID,AUSTRALIA,M,,Y
1906.0,UNPROVOKED,AUSTRALIA,M,OR,Y
1906.0,UNPROVOKED,SOUTHAFRICA,M,,Y
1905.0,UNPROVOKED,PHILIPPINES,M,,N
1905.0,UNPROVOKED,USA,M,,Y
1905.0,INVALID,ITALY,M,,Y
1905.0,UNPROVOKED,SOUTHAFRICA,M,,Y
1905.0,UNPROVOKED,AUSTRALIA,M,,N
1905.0,INVALID,AUSTRALIA,M,,Y
1905.0,INVALID,AUSTRALIA,M,,Y
1904.0,UNPROVOKED,NEWZEALAND,M,,Y
1903.0,UNPROVOKED,FALKLANDISLANDS,M,,N
1902.0,UNPROVOKED,NICARAGUA,M,,Y
1902.0,UNPROVOKED,AUSTRALIA,M,,Y
1902.0,UNPROVOKED,AUSTRALIA,M,,N
1901.0,UNPROVOKED,AUSTRALIA,M,,N
1901.0,UNPROVOKED,CYPRUS,M,TEEN,Y
1901.0,UNPROVOKED,SOUTHAFRICA,M,,Y
1900.0,UNPROVOKED,SOUTHAFRICA,M,,Y
1899.0,UNPROVOKED,USA,M,,Y
1899.0,UNPROVOKED,EGYPT,M,,N
1899.0,UNPROVOKED,EGYPT,M,,N
1899.0,UNPROVOKED,EGYPT,M,,N
1899.0,INVALID,AUSTRALIA,F,,Y
1898.0,UNPROVOKED,YEMEN,M,,Y
1898.0,UNPROVOKED,YEMEN,M,,Y
1898.0,UNPROVOKED,USA,M,,N
1896.0,UNPROVOKED,NEWZEALAND,M,,Y
1896.0,UNPROVOKED,USA,M,,Y
1896.0,UNPROVOKED,AUSTRALIA,M,,Y
1896.0,UNPROVOKED,HAITI,M,,N
1895.0,UNPROVOKED,AUSTRALIA,M,,Y
1895.0,UNPROVOKED,USA,M,,Y
1895.0,UNPROVOKED,SOUTHAFRICA,M,,Y
1895.0,UNPROVOKED,AUSTRALIA,M,,N
1895.0,UNPROVOKED,AUSTRALIA,M,,Y
1894.0,UNPROVOKED,AUSTRALIA,M,,N
1892.0,UNPROVOKED,ATLANTICOCEAN,M,,Y
1892.0,PROVOKED,AUSTRALIA,M,,N
1890.0,UNPROVOKED,BRITISHNEWGUINEA,M,,N
1888.0,UNPROVOKED,AUSTRALIA,M,,Y
1887.0,UNPROVOKED,HONDURAS,M,,Y
1887.0,UNPROVOKED,SOUTHAFRICA,M,,Y
1886.0,UNPROVOKED,AUSTRALIA,M,,Y
1883.0,UNPROVOKED,AUSTRALIA,M,,Y
1883.0,UNPROVOKED,AUSTRALIA,M,,Y
1881.0,INVALID,USA,M,,Y
1881.0,UNPROVOKED,USA,M,,Y
1880.0,UNPROVOKED,AUSTRALIA,M,,Y
1880.0,UNPROVOKED,INDIA,M,,N
1880.0,UNPROVOKED,INDIA,F,,N
1880.0,UNPROVOKED,INDIA,M,,Y
1880.0,UNPROVOKED,AUSTRALIA,F,,N
1879.0,UNPROVOKED,INDIA,M,,Y
1879.0,UNPROVOKED,NEWZEALAND,M,,Y
1878.0,UNPROVOKED,USA,M,,Y
1878.0,UNPROVOKED,AUSTRALIA,M,,Y
1877.0,UNPROVOKED,AUSTRALIA,M,,N
1877.0,UNPROVOKED,FIJI,M,,N
1875.0,UNPROVOKED,NEWZEALAND,M,,Y
1873.0,UNPROVOKED,CUBA,M,,N
1871.0,UNPROVOKED,INDIA,M,,Y
1870.0,UNPROVOKED,INDIA,M,,N
1870.0,UNPROVOKED,INDIA,M,,N
1870.0,UNPROVOKED,AUSTRALIA,M,,N
1870.0,UNPROVOKED,INDIA,M,,N
1870.0,UNPROVOKED,INDIA,M,,N
1870.0,UNPROVOKED,AUSTRALIA,M,,N
1868.0,UNPROVOKED,INDIA,M,,Y
1865.0,UNPROVOKED,USA,M,,N
1864.0,UNPROVOKED,USA,M,,N
1863.0,UNPROVOKED,GUINEA,M,,Y
1863.0,INVALID,SOUTHAFRICA,M,,Y
1863.0,UNPROVOKED,AUSTRALIA,M,,Y
1862.0,UNPROVOKED,NEWZEALAND,M,,N
1862.0,UNPROVOKED,SPAIN,M,,Y
1862.0,UNPROVOKED,SPAIN,M,,Y
1858.0,UNPROVOKED,AUSTRALIA,M,,Y
1856.0,UNPROVOKED,AUSTRALIA,M,,UNKNOWN
1855.0,UNPROVOKED,AUSTRALIA,F,Ã,Y
1848.0,UNPROVOKED,USA,M,,N
1847.0,UNPROVOKED,GREECE,M,,Y
1842.0,UNPROVOKED,INDIA,M,OR,Y
1839.0,UNPROVOKED,FIJI,M,,N
1837.0,UNPROVOKED,AUSTRALIA,M,,Y
1830.0,UNPROVOKED,USA,M,,Y
1828.0,UNPROVOKED,SIERRALEONE,M,,N
1817.0,UNPROVOKED,SRILANKA,M,,Y
1779.0,UNPROVOKED,USA,M,YOUNG,Y
1749.0,UNPROVOKED,CUBA,M,,N
1703.0,UNPROVOKED,BARBADOS,M,,N
0.0,UNPROVOKED,PANAMA,M,,Y
0.0,UNPROVOKED,AUSTRALIA,F,,N
0.0,UNPROVOKED,USA,F,,N
0.0,PROVOKED,USA,M,,N
0.0,UNPROVOKED,FIJI,M,,N
0.0,UNPROVOKED,MOZAMBIQUE,M,,N
0.0,UNPROVOKED,IRAQ,M,,N
0.0,UNPROVOKED,IRAQ,M,,N
0.0,UNPROVOKED,IRAQ,M,,N
0.0,PROVOKED,CUBA,M,,Y
0.0,UNPROVOKED,IRAQ,M,OR,Y
0.0,UNPROVOKED,BELIZE,M,,Y
0.0,UNPROVOKED,CEYLONSRILANKA,M,,Y
